label,Column1,id,form_id,name,form,alias,image_name,category,weight,height,type_1,type_2,ability_1,ability_2,ability_3,last_gen,H,A,B,C,D,S
2.0,0001-000,1,0,フシギダネ,,フシギダネ,pm0001_00_00_00.png,たねポケモン,6.9,0.7,くさ,どく,しんりょく,ようりょくそ,,9,45,49,49,65,65,45
3.0,0002-000,2,0,フシギソウ,,フシギソウ,pm0002_00_00_00.png,たねポケモン,13.0,1.0,くさ,どく,しんりょく,ようりょくそ,,9,60,62,63,80,80,60
4.0,0003-000,3,0,フシギバナ,,フシギバナ,pm0003_00_00_00.png,たねポケモン,100.0,2.0,くさ,どく,しんりょく,ようりょくそ,,9,80,82,83,100,100,80
,0003-001,3,1,フシギバナ,メガフシギバナ,メガフシギバナ,,たねポケモン,155.5,2.4,くさ,どく,あついしぼう,ようりょくそ,,7,80,82,83,100,100,80
,0003-999,3,999,フシギバナ,キョダイマックス,フシギバナ(キョダイ),,-,9999.9,24.0,くさ,どく,しんりょく,ようりょくそ,,8,80,82,83,100,100,80
5.0,0004-000,4,0,ヒトカゲ,,ヒトカゲ,pm0004_00_00_00.png,とかげポケモン,8.5,0.6,ほのお,,もうか,サンパワー,,9,39,52,43,60,50,65
6.0,0005-000,5,0,リザード,,リザード,pm0005_00_00_00.png,かえんポケモン,19.0,1.1,ほのお,,もうか,サンパワー,,9,58,64,58,80,65,80
7.0,0006-000,6,0,リザードン,,リザードン,pm0006_00_00_00.png,かえんポケモン,90.5,1.7,ほのお,ひこう,もうか,サンパワー,,9,78,84,78,109,85,100
,0006-001,6,1,リザードン,メガリザードンＸ,メガリザードンＸ,,かえんポケモン,110.5,1.7,ほのお,ドラゴン,かたいツメ,サンパワー,,7,78,84,78,109,85,100
,0006-002,6,2,リザードン,メガリザードンＹ,メガリザードンＹ,,かえんポケモン,100.5,1.7,ほのお,ひこう,ひでり,サンパワー,,7,78,84,78,109,85,100
,0006-999,6,999,リザードン,キョダイマックス,リザードン(キョダイ),,-,9999.9,28.0,ほのお,ひこう,もうか,サンパワー,,8,78,84,78,109,85,100
8.0,0007-000,7,0,ゼニガメ,,ゼニガメ,pm0007_00_00_00.png,かめのこポケモン,9.0,0.5,みず,,げきりゅう,あめうけざら,,9,44,48,65,50,64,43
9.0,0008-000,8,0,カメール,,カメール,pm0008_00_00_00.png,かめポケモン,22.5,1.0,みず,,げきりゅう,あめうけざら,,9,59,63,80,65,80,58
10.0,0009-000,9,0,カメックス,,カメックス,pm0009_00_00_00.png,こうらポケモン,85.5,1.6,みず,,げきりゅう,あめうけざら,,9,79,83,100,85,105,78
,0009-001,9,1,カメックス,メガカメックス,メガカメックス,,こうらポケモン,101.1,1.6,みず,,メガランチャー,あめうけざら,,7,79,83,100,85,105,78
,0009-999,9,999,カメックス,キョダイマックス,カメックス(キョダイ),,-,9999.9,25.0,みず,,げきりゅう,あめうけざら,,8,79,83,100,85,105,78
,0010-000,10,0,キャタピー,,キャタピー,,いもむしポケモン,2.9,0.3,むし,,りんぷん,にげあし,,8,45,30,35,20,20,45
,0011-000,11,0,トランセル,,トランセル,,さなぎポケモン,9.9,0.7,むし,,だっぴ,,,8,50,20,55,25,25,30
,0012-000,12,0,バタフリー,,バタフリー,,ちょうちょポケモン,32.0,1.1,むし,ひこう,ふくがん,いろめがね,,8,60,45,50,90,80,70
,0012-999,12,999,バタフリー,キョダイマックス,バタフリー(キョダイ),,-,9999.9,17.0,むし,ひこう,ふくがん,いろめがね,,8,60,45,50,90,80,70
,0013-000,13,0,ビードル,,ビードル,,けむしポケモン,3.2,0.3,むし,どく,りんぷん,にげあし,,8,40,35,30,20,20,50
,0014-000,14,0,コクーン,,コクーン,,さなぎポケモン,10.0,0.6,むし,どく,だっぴ,,,8,45,25,50,25,25,35
,0015-000,15,0,スピアー,,スピアー,,どくばちポケモン,29.5,1.0,むし,どく,むしのしらせ,スナイパー,,8,65,90,40,45,80,75
,0015-001,15,1,スピアー,メガスピアー,メガスピアー,,どくばちポケモン,40.5,1.4,むし,どく,てきおうりょく,スナイパー,,7,65,90,40,45,80,75
,0016-000,16,0,ポッポ,,ポッポ,,ことりポケモン,1.8,0.3,ノーマル,ひこう,するどいめ,ちどりあし,はとむね,8,40,45,40,35,35,56
,0017-000,17,0,ピジョン,,ピジョン,,とりポケモン,30.0,1.1,ノーマル,ひこう,するどいめ,ちどりあし,はとむね,8,63,60,55,50,50,71
,0018-000,18,0,ピジョット,,ピジョット,,とりポケモン,39.5,1.5,ノーマル,ひこう,するどいめ,ちどりあし,はとむね,8,83,80,75,70,70,101
,0018-001,18,1,ピジョット,メガピジョット,メガピジョット,,とりポケモン,50.5,2.2,ノーマル,ひこう,ノーガード,はとむね,,7,83,80,75,70,70,101
,0019-000,19,0,コラッタ,,コラッタ,,ねずみポケモン,3.5,0.3,ノーマル,,にげあし,こんじょう,はりきり,8,30,56,35,25,35,72
,0019-001,19,1,コラッタ,アローラのすがた,コラッタ(アローラ),,ねずみポケモン,3.8,0.3,あく,ノーマル,くいしんぼう,はりきり,こんじょう,8,30,56,35,25,35,72
,0020-000,20,0,ラッタ,,ラッタ,,ねずみポケモン,18.5,0.7,ノーマル,,にげあし,こんじょう,はりきり,8,55,81,60,50,70,97
,0020-001,20,1,ラッタ,アローラのすがた,ラッタ(アローラ),,ねずみポケモン,25.5,0.7,あく,ノーマル,くいしんぼう,はりきり,こんじょう,8,55,81,60,50,70,97
,0021-000,21,0,オニスズメ,,オニスズメ,,ことりポケモン,2.0,0.3,ノーマル,ひこう,するどいめ,スナイパー,,8,40,60,30,31,31,70
,0022-000,22,0,オニドリル,,オニドリル,,くちばしポケモン,38.0,1.2,ノーマル,ひこう,するどいめ,スナイパー,,8,65,90,65,61,61,100
11.0,0023-000,23,0,アーボ,,アーボ,pm0023_00_00_00.png,へびポケモン,6.9,2.0,どく,,いかく,だっぴ,きんちょうかん,9,35,60,44,40,54,55
12.0,0024-000,24,0,アーボック,,アーボック,pm0024_00_00_00.png,コブラポケモン,65.0,3.5,どく,,いかく,だっぴ,きんちょうかん,9,60,95,69,65,79,80
13.0,0025-000,25,0,ピカチュウ,,ピカチュウ,pm0025_00_00_00.png,ねずみポケモン,6.0,0.4,でんき,,せいでんき,ひらいしん,,9,35,55,40,50,50,90
14.0,0025-000,25,1,ピカチュウ,オリジナルキャップ,ピカチュウ,pm0025_11_00_00.png,ねずみポケモン,6.0,0.4,でんき,,せいでんき,ひらいしん,,9,35,55,40,50,50,90
15.0,0025-000,25,2,ピカチュウ,ホウエンキャップ,ピカチュウ,pm0025_12_00_00.png,ねずみポケモン,6.0,0.4,でんき,,せいでんき,ひらいしん,,9,35,55,40,50,50,90
16.0,0025-000,25,3,ピカチュウ,シンオウキャップ,ピカチュウ,pm0025_13_00_00.png,ねずみポケモン,6.0,0.4,でんき,,せいでんき,ひらいしん,,9,35,55,40,50,50,90
17.0,0025-000,25,4,ピカチュウ,イッシュキャップ,ピカチュウ,pm0025_14_00_00.png,ねずみポケモン,6.0,0.4,でんき,,せいでんき,ひらいしん,,9,35,55,40,50,50,90
18.0,0025-000,25,5,ピカチュウ,カロスキャップ,ピカチュウ,pm0025_15_00_00.png,ねずみポケモン,6.0,0.4,でんき,,せいでんき,ひらいしん,,9,35,55,40,50,50,90
19.0,0025-000,25,6,ピカチュウ,アローラキャップ,ピカチュウ,pm0025_16_00_00.png,ねずみポケモン,6.0,0.4,でんき,,せいでんき,ひらいしん,,9,35,55,40,50,50,90
20.0,0025-000,25,7,ピカチュウ,キミにきめたキャップ,ピカチュウ,pm0025_17_00_00.png,ねずみポケモン,6.0,0.4,でんき,,せいでんき,ひらいしん,,9,35,55,40,50,50,90
21.0,0025-000,25,8,ピカチュウ,ワールドキャップ,ピカチュウ,pm0025_18_00_00.png,ねずみポケモン,6.0,0.4,でんき,,せいでんき,ひらいしん,,9,35,55,40,50,50,90
,0025-999,25,999,ピカチュウ,キョダイマックス,ピカチュウ(キョダイ),,-,9999.9,21.0,でんき,,せいでんき,ひらいしん,,8,35,55,40,50,50,90
22.0,0026-000,26,0,ライチュウ,,ライチュウ,pm0026_00_00_00.png,ねずみポケモン,30.0,0.8,でんき,,せいでんき,ひらいしん,,9,60,90,55,90,80,110
23.0,0026-001,26,1,ライチュウ,アローラのすがた,ライチュウ(アローラ),pm0026_00_11_00.png,ねずみポケモン,21.0,0.7,でんき,エスパー,サーフテール,ひらいしん,,9,60,85,50,95,85,110
24.0,0027-000,27,0,サンド,,サンド,pm0027_00_00_00.png,ねずみポケモン,12.0,0.6,じめん,,すながくれ,すなかき,,9,50,75,85,20,30,40
25.0,0027-001,27,1,サンド,アローラのすがた,サンド(アローラ),pm0027_00_11_00.png,ねずみポケモン,40.0,0.7,こおり,はがね,ゆきがくれ,すなかき,ゆきかき,9,50,75,90,10,35,40
26.0,0028-000,28,0,サンドパン,,サンドパン,pm0028_00_00_00.png,ねずみポケモン,29.5,1.0,じめん,,すながくれ,すなかき,,9,75,100,110,45,55,65
27.0,0028-001,28,1,サンドパン,アローラのすがた,サンドパン(アローラ),pm0028_00_11_00.png,ねずみポケモン,55.0,1.2,こおり,はがね,ゆきがくれ,すなかき,ゆきかき,9,75,100,120,25,65,65
,0029-000,29,0,ニドラン♀,,ニドラン♀,,どくばりポケモン,7.0,0.4,どく,,どくのトゲ,とうそうしん,はりきり,8,55,47,52,40,40,41
,0030-000,30,0,ニドリーナ,,ニドリーナ,,どくばりポケモン,20.0,0.8,どく,,どくのトゲ,とうそうしん,はりきり,8,70,62,67,55,55,56
,0031-000,31,0,ニドクイン,,ニドクイン,,ドリルポケモン,60.0,1.3,どく,じめん,どくのトゲ,とうそうしん,ちからずく,8,90,92,87,75,85,76
,0032-000,32,0,ニドラン♂,,ニドラン♂,,どくばりポケモン,9.0,0.5,どく,,どくのトゲ,とうそうしん,はりきり,8,46,57,40,40,40,50
,0033-000,33,0,ニドリーノ,,ニドリーノ,,どくばりポケモン,19.5,0.9,どく,,どくのトゲ,とうそうしん,はりきり,8,61,72,57,55,55,65
,0034-000,34,0,ニドキング,,ニドキング,,ドリルポケモン,62.0,1.4,どく,じめん,どくのトゲ,とうそうしん,ちからずく,8,81,102,77,85,75,85
28.0,0035-000,35,0,ピッピ,,ピッピ,pm0035_00_00_00.png,ようせいポケモン,7.5,0.6,フェアリー,,メロメロボディ,マジックガード,フレンドガード,9,70,45,48,60,65,35
29.0,0036-000,36,0,ピクシー,,ピクシー,pm0036_00_00_00.png,ようせいポケモン,40.0,1.3,フェアリー,,メロメロボディ,マジックガード,てんねん,9,95,70,73,95,90,60
30.0,0037-000,37,0,ロコン,,ロコン,pm0037_00_00_00.png,きつねポケモン,9.9,0.6,ほのお,,もらいび,ひでり,,9,38,41,40,50,65,65
31.0,0037-001,37,1,ロコン,アローラのすがた,ロコン(アローラ),pm0037_00_11_00.png,きつねポケモン,9.9,0.6,こおり,,ゆきがくれ,ひでり,ゆきふらし,9,38,41,40,50,65,65
32.0,0038-000,38,0,キュウコン,,キュウコン,pm0038_00_00_00.png,きつねポケモン,19.9,1.1,ほのお,,もらいび,ひでり,,9,73,76,75,81,100,100
33.0,0038-001,38,1,キュウコン,アローラのすがた,キュウコン(アローラ),pm0038_00_11_00.png,きつねポケモン,19.9,1.1,こおり,フェアリー,ゆきがくれ,ひでり,ゆきふらし,9,73,67,75,81,100,109
34.0,0039-000,39,0,プリン,,プリン,pm0039_00_00_00.png,ふうせんポケモン,5.5,0.5,ノーマル,フェアリー,メロメロボディ,かちき,フレンドガード,9,115,45,20,45,25,20
35.0,0040-000,40,0,プクリン,,プクリン,pm0040_00_00_00.png,ふうせんポケモン,12.0,1.0,ノーマル,フェアリー,メロメロボディ,かちき,おみとおし,9,140,70,45,85,50,45
,0041-000,41,0,ズバット,,ズバット,,こうもりポケモン,7.5,0.8,どく,ひこう,せいしんりょく,すりぬけ,,8,40,45,35,30,40,55
,0042-000,42,0,ゴルバット,,ゴルバット,,こうもりポケモン,55.0,1.6,どく,ひこう,せいしんりょく,すりぬけ,,8,75,80,70,65,75,90
36.0,0043-000,43,0,ナゾノクサ,,ナゾノクサ,pm0043_00_00_00.png,ざっそうポケモン,5.4,0.5,くさ,どく,ようりょくそ,にげあし,,9,45,50,55,75,65,30
37.0,0044-000,44,0,クサイハナ,,クサイハナ,pm0044_00_00_00.png,ざっそうポケモン,8.6,0.8,くさ,どく,ようりょくそ,あくしゅう,,9,60,65,70,85,75,40
38.0,0045-000,45,0,ラフレシア,,ラフレシア,pm0045_00_00_00.png,フラワーポケモン,18.6,1.2,くさ,どく,ようりょくそ,ほうし,,9,75,80,85,110,90,50
,0046-000,46,0,パラス,,パラス,,きのこポケモン,5.4,0.3,むし,くさ,ほうし,かんそうはだ,しめりけ,8,35,70,55,45,55,25
,0047-000,47,0,パラセクト,,パラセクト,,きのこポケモン,29.5,1.0,むし,くさ,ほうし,かんそうはだ,しめりけ,8,60,95,80,60,80,30
39.0,0048-000,48,0,コンパン,,コンパン,pm0048_00_00_00.png,こんちゅうポケモン,30.0,1.0,むし,どく,ふくがん,いろめがね,にげあし,9,60,55,50,40,55,45
40.0,0049-000,49,0,モルフォン,,モルフォン,pm0049_00_00_00.png,どくがポケモン,12.5,1.5,むし,どく,りんぷん,いろめがね,ミラクルスキン,9,70,65,60,90,75,90
41.0,0050-000,50,0,ディグダ,,ディグダ,pm0050_00_00_00.png,もぐらポケモン,0.8,0.2,じめん,,すながくれ,ありじごく,すなのちから,9,10,55,25,35,45,95
42.0,0050-001,50,1,ディグダ,アローラのすがた,ディグダ(アローラ),pm0050_00_11_00.png,もぐらポケモン,1.0,0.2,じめん,はがね,すながくれ,カーリーヘアー,すなのちから,9,10,55,30,35,45,90
43.0,0051-000,51,0,ダグトリオ,,ダグトリオ,pm0051_00_00_00.png,もぐらポケモン,33.3,0.7,じめん,,すながくれ,ありじごく,すなのちから,9,35,100,50,50,70,120
44.0,0051-001,51,1,ダグトリオ,アローラのすがた,ダグトリオ(アローラ),pm0051_00_11_00.png,もぐらポケモン,66.6,0.7,じめん,はがね,すながくれ,カーリーヘアー,すなのちから,9,35,100,60,50,70,110
45.0,0052-000,52,0,ニャース,,ニャース,pm0052_00_00_00.png,ばけねこポケモン,4.2,0.4,ノーマル,,ものひろい,テクニシャン,きんちょうかん,9,40,45,35,40,40,90
46.0,0052-001,52,1,ニャース,アローラのすがた,ニャース(アローラ),pm0052_00_11_00.png,ばけねこポケモン,4.2,0.4,あく,,ものひろい,テクニシャン,きんちょうかん,9,40,35,35,50,40,90
47.0,0052-002,52,2,ニャース,ガラルのすがた,ニャース(ガラル),pm0052_00_31_00.png,ばけねこポケモン,7.5,0.4,はがね,,ものひろい,かたいツメ,きんちょうかん,9,50,65,55,40,40,40
,0052-999,52,999,ニャース,キョダイマックス,ニャース(キョダイ),,-,9999.9,33.0,ノーマル,,ものひろい,テクニシャン,きんちょうかん,8,40,45,35,40,40,90
48.0,0053-000,53,0,ペルシアン,,ペルシアン,pm0053_00_00_00.png,シャムネコポケモン,32.0,1.0,ノーマル,,じゅうなん,テクニシャン,きんちょうかん,9,65,70,60,65,65,115
49.0,0053-001,53,1,ペルシアン,アローラのすがた,ペルシアン(アローラ),pm0053_00_11_00.png,シャムネコポケモン,33.0,1.1,あく,,ファーコート,テクニシャン,きんちょうかん,9,65,60,60,75,65,115
50.0,0054-000,54,0,コダック,,コダック,pm0054_00_00_00.png,あひるポケモン,19.6,0.8,みず,,しめりけ,ノーてんき,すいすい,9,50,52,48,65,50,55
51.0,0055-000,55,0,ゴルダック,,ゴルダック,pm0055_00_00_00.png,あひるポケモン,76.6,1.7,みず,,しめりけ,ノーてんき,すいすい,9,80,82,78,95,80,85
52.0,0056-000,56,0,マンキー,,マンキー,pm0056_00_00_00.png,ぶたざるポケモン,28.0,0.5,かくとう,,やるき,いかりのつぼ,まけんき,9,40,80,35,35,45,70
53.0,0057-000,57,0,オコリザル,,オコリザル,pm0057_00_00_00.png,ぶたざるポケモン,32.0,1.0,かくとう,,やるき,いかりのつぼ,まけんき,9,65,105,60,60,70,95
54.0,0058-000,58,0,ガーディ,,ガーディ,pm0058_00_00_00.png,こいぬポケモン,19.0,0.7,ほのお,,いかく,もらいび,せいぎのこころ,9,55,70,45,70,50,60
55.0,0058-001,58,1,ガーディ,ヒスイのすがた,ガーディ(ヒスイ),pm0058_00_41_00.png,みはりポケモン,22.7,0.8,ほのお,いわ,いかく,もらいび,せいぎのこころ,9,60,75,45,65,50,55
56.0,0059-000,59,0,ウインディ,,ウインディ,pm0059_00_00_00.png,でんせつポケモン,155.0,1.9,ほのお,,いかく,もらいび,せいぎのこころ,9,90,110,80,100,80,95
57.0,0059-001,59,1,ウインディ,ヒスイのすがた,ウインディ(ヒスイ),pm0059_00_41_00.png,でんせつポケモン,168.0,2.0,ほのお,いわ,いかく,もらいび,せいぎのこころ,9,95,115,80,95,80,90
58.0,0060-000,60,0,ニョロモ,,ニョロモ,pm0060_00_00_00.png,おたまポケモン,12.4,0.6,みず,,ちょすい,しめりけ,すいすい,9,40,50,40,40,40,90
59.0,0061-000,61,0,ニョロゾ,,ニョロゾ,pm0061_00_00_00.png,おたまポケモン,20.0,1.0,みず,,ちょすい,しめりけ,すいすい,9,65,65,65,50,50,90
60.0,0062-000,62,0,ニョロボン,,ニョロボン,pm0062_00_00_00.png,おたまポケモン,54.0,1.3,みず,かくとう,ちょすい,しめりけ,すいすい,9,90,95,95,70,90,70
,0063-000,63,0,ケーシィ,,ケーシィ,,ねんりきポケモン,19.5,0.9,エスパー,,シンクロ,せいしんりょく,マジックガード,8,25,20,15,105,55,90
,0064-000,64,0,ユンゲラー,,ユンゲラー,,ねんりきポケモン,56.5,1.3,エスパー,,シンクロ,せいしんりょく,マジックガード,8,40,35,30,120,70,105
,0065-000,65,0,フーディン,,フーディン,,ねんりきポケモン,48.0,1.5,エスパー,,シンクロ,せいしんりょく,マジックガード,8,55,50,45,135,95,120
,0065-001,65,1,フーディン,メガフーディン,メガフーディン,,ねんりきポケモン,48.0,1.2,エスパー,,トレース,マジックガード,,7,55,50,45,135,95,120
,0066-000,66,0,ワンリキー,,ワンリキー,,かいりきポケモン,19.5,0.8,かくとう,,こんじょう,ノーガード,ふくつのこころ,8,70,80,50,35,35,35
,0067-000,67,0,ゴーリキー,,ゴーリキー,,かいりきポケモン,70.5,1.5,かくとう,,こんじょう,ノーガード,ふくつのこころ,8,80,100,70,50,60,45
,0068-000,68,0,カイリキー,,カイリキー,,かいりきポケモン,130.0,1.6,かくとう,,こんじょう,ノーガード,ふくつのこころ,8,90,130,80,65,85,55
,0068-999,68,999,カイリキー,キョダイマックス,カイリキー(キョダイ),,-,9999.9,25.0,かくとう,,こんじょう,ノーガード,ふくつのこころ,8,90,130,80,65,85,55
61.0,0069-000,69,0,マダツボミ,,マダツボミ,pm0069_00_00_00.png,フラワーポケモン,4.0,0.7,くさ,どく,ようりょくそ,くいしんぼう,,9,50,75,35,70,30,40
62.0,0070-000,70,0,ウツドン,,ウツドン,pm0070_00_00_00.png,ハエとりポケモン,6.4,1.0,くさ,どく,ようりょくそ,くいしんぼう,,9,65,90,50,85,45,55
63.0,0071-000,71,0,ウツボット,,ウツボット,pm0071_00_00_00.png,ハエとりポケモン,15.5,1.7,くさ,どく,ようりょくそ,くいしんぼう,,9,80,105,65,100,70,70
64.0,0072-000,72,0,メノクラゲ,,メノクラゲ,pm0072_00_00_00.png,くらげポケモン,45.5,0.9,みず,どく,クリアボディ,ヘドロえき,あめうけざら,9,40,40,35,50,100,70
65.0,0073-000,73,0,ドククラゲ,,ドククラゲ,pm0073_00_00_00.png,くらげポケモン,55.0,1.6,みず,どく,クリアボディ,ヘドロえき,あめうけざら,9,80,70,65,80,120,100
66.0,0074-000,74,0,イシツブテ,,イシツブテ,pm0074_00_00_00.png,がんせきポケモン,20.0,0.4,いわ,じめん,いしあたま,がんじょう,すながくれ,9,40,80,100,30,30,20
67.0,0074-001,74,1,イシツブテ,アローラのすがた,イシツブテ(アローラ),pm0074_00_11_00.png,がんせきポケモン,20.3,0.4,いわ,でんき,じりょく,がんじょう,すながくれ,9,40,80,100,30,30,20
68.0,0075-000,75,0,ゴローン,,ゴローン,pm0075_00_00_00.png,がんせきポケモン,105.0,1.0,いわ,じめん,いしあたま,がんじょう,すながくれ,9,55,95,115,45,45,35
70.0,0075-001,75,1,ゴローン,アローラのすがた,ゴローン(アローラ),pm0075_00_11_00.png,がんせきポケモン,110.0,1.0,いわ,でんき,じりょく,がんじょう,すながくれ,9,55,95,115,45,45,35
72.0,0076-000,76,0,ゴローニャ,,ゴローニャ,pm0076_00_00_00.png,メガトンポケモン,300.0,1.4,いわ,じめん,いしあたま,がんじょう,すながくれ,9,80,120,130,55,65,45
73.0,0076-001,76,1,ゴローニャ,アローラのすがた,ゴローニャ(アローラ),pm0076_00_11_00.png,メガトンポケモン,316.0,1.7,いわ,でんき,じりょく,がんじょう,すながくれ,9,80,120,130,55,65,45
,0077-000,77,0,ポニータ,,ポニータ,,ひのうまポケモン,30.0,1.0,ほのお,,にげあし,もらいび,ほのおのからだ,8,50,85,55,65,65,90
,0077-001,77,1,ポニータ,ガラルのすがた,ポニータ(ガラル),,いっかくポケモン,24.0,0.8,エスパー,,にげあし,パステルベール,ほのおのからだ,8,50,85,55,65,65,90
,0078-000,78,0,ギャロップ,,ギャロップ,,ひのうまポケモン,95.0,1.7,ほのお,,にげあし,もらいび,ほのおのからだ,8,65,100,70,80,80,105
,0078-001,78,1,ギャロップ,ガラルのすがた,ギャロップ(ガラル),,いっかくポケモン,80.0,1.7,エスパー,フェアリー,にげあし,パステルベール,ほのおのからだ,8,65,100,70,80,80,105
74.0,0079-000,79,0,ヤドン,,ヤドン,pm0079_00_00_00.png,まぬけポケモン,36.0,1.2,みず,エスパー,どんかん,マイペース,さいせいりょく,9,90,65,65,40,40,15
75.0,0079-001,79,1,ヤドン,ガラルのすがた,ヤドン(ガラル),pm0079_00_31_00.png,まぬけポケモン,36.0,1.2,エスパー,,くいしんぼう,マイペース,さいせいりょく,9,90,65,65,40,40,15
76.0,0080-000,80,0,ヤドラン,,ヤドラン,pm0080_00_00_00.png,やどかりポケモン,78.5,1.6,みず,エスパー,どんかん,マイペース,さいせいりょく,9,95,75,110,100,80,30
,0080-001,80,1,ヤドラン,メガヤドラン,メガヤドラン,,やどかりポケモン,120.0,2.0,みず,エスパー,シェルアーマー,さいせいりょく,,7,95,75,110,100,80,30
77.0,0080-002,80,2,ヤドラン,ガラルのすがた,ヤドラン(ガラル),pm0080_00_31_00.png,やどかりポケモン,70.5,1.6,どく,エスパー,クイックドロウ,マイペース,さいせいりょく,9,95,100,95,100,70,30
78.0,0081-000,81,0,コイル,,コイル,pm0081_00_00_00.png,じしゃくポケモン,6.0,0.3,でんき,はがね,じりょく,がんじょう,アナライズ,9,25,35,70,95,55,45
79.0,0082-000,82,0,レアコイル,,レアコイル,pm0082_00_00_00.png,じしゃくポケモン,60.0,1.0,でんき,はがね,じりょく,がんじょう,アナライズ,9,50,60,95,120,70,70
,0083-000,83,0,カモネギ,,カモネギ,,かるがもポケモン,15.0,0.8,ノーマル,ひこう,するどいめ,せいしんりょく,まけんき,8,52,90,55,58,62,60
,0083-001,83,1,カモネギ,ガラルのすがた,カモネギ(ガラル),,かるがもポケモン,42.0,0.8,かくとう,,ふくつのこころ,まけんき,きもったま,8,52,95,55,58,62,55
80.0,0084-000,84,0,ドードー,,ドードー,pm0084_00_00_00.png,ふたごどりポケモン,39.2,1.4,ノーマル,ひこう,にげあし,はやおき,ちどりあし,9,35,85,45,35,35,75
81.0,0085-000,85,0,ドードリオ,,ドードリオ,pm0085_00_00_00.png,みつごどりポケモン,85.2,1.8,ノーマル,ひこう,にげあし,はやおき,ちどりあし,9,60,110,70,60,60,110
82.0,0086-000,86,0,パウワウ,,パウワウ,pm0086_00_00_00.png,あしかポケモン,90.0,1.1,みず,,あついしぼう,うるおいボディ,アイスボディ,9,65,45,55,45,70,45
83.0,0087-000,87,0,ジュゴン,,ジュゴン,pm0087_00_00_00.png,あしかポケモン,120.0,1.7,みず,こおり,あついしぼう,うるおいボディ,アイスボディ,9,90,70,80,70,95,70
84.0,0088-000,88,0,ベトベター,,ベトベター,pm0088_00_00_00.png,ヘドロポケモン,30.0,0.9,どく,,あくしゅう,ねんちゃく,どくしゅ,9,80,80,50,40,50,25
85.0,0088-001,88,1,ベトベター,アローラのすがた,ベトベター(アローラ),pm0088_00_11_00.png,ヘドロポケモン,42.0,0.7,どく,あく,どくしゅ,くいしんぼう,ねんちゃく,9,80,80,50,40,50,25
86.0,0089-000,89,0,ベトベトン,,ベトベトン,pm0089_00_00_00.png,ヘドロポケモン,30.0,1.2,どく,,あくしゅう,ねんちゃく,どくしゅ,9,105,105,75,65,100,50
87.0,0089-001,89,1,ベトベトン,アローラのすがた,ベトベトン(アローラ),pm0089_00_11_00.png,ヘドロポケモン,52.0,1.0,どく,あく,どくしゅ,くいしんぼう,ねんちゃく,9,105,105,75,65,100,50
88.0,0090-000,90,0,シェルダー,,シェルダー,pm0090_00_00_00.png,２まいがいポケモン,4.0,0.3,みず,,シェルアーマー,スキルリンク,ぼうじん,9,30,65,100,45,25,40
89.0,0091-000,91,0,パルシェン,,パルシェン,pm0091_00_00_00.png,２まいがいポケモン,132.5,1.5,みず,こおり,シェルアーマー,スキルリンク,ぼうじん,9,50,95,180,85,45,70
90.0,0092-000,92,0,ゴース,,ゴース,pm0092_00_00_00.png,ガスじょうポケモン,0.1,1.3,ゴースト,どく,ふゆう,,,9,30,35,30,100,35,80
91.0,0093-000,93,0,ゴースト,,ゴースト,pm0093_00_00_00.png,ガスじょうポケモン,0.1,1.6,ゴースト,どく,ふゆう,,,9,45,50,45,115,55,95
92.0,0094-000,94,0,ゲンガー,,ゲンガー,pm0094_00_00_00.png,シャドーポケモン,40.5,1.5,ゴースト,どく,のろわれボディ,,,9,60,65,60,130,75,110
,0094-001,94,1,ゲンガー,メガゲンガー,メガゲンガー,,シャドーポケモン,40.5,1.4,ゴースト,どく,かげふみ,のろわれボディ,,7,60,65,60,130,75,110
,0094-999,94,999,ゲンガー,キョダイマックス,ゲンガー(キョダイ),,-,9999.9,20.0,ゴースト,どく,のろわれボディ,,,8,60,65,60,130,75,110
,0095-000,95,0,イワーク,,イワーク,,いわへびポケモン,210.0,8.8,いわ,じめん,いしあたま,がんじょう,くだけるよろい,8,35,45,160,30,45,70
93.0,0096-000,96,0,スリープ,,スリープ,pm0096_00_00_00.png,さいみんポケモン,32.4,1.0,エスパー,,ふみん,よちむ,せいしんりょく,9,60,48,45,43,90,42
94.0,0097-000,97,0,スリーパー,,スリーパー,pm0097_00_00_00.png,さいみんポケモン,75.6,1.6,エスパー,,ふみん,よちむ,せいしんりょく,9,85,73,70,73,115,67
,0098-000,98,0,クラブ,,クラブ,,さわがにポケモン,6.5,0.4,みず,,かいりきバサミ,シェルアーマー,ちからずく,8,30,105,90,25,25,50
,0099-000,99,0,キングラー,,キングラー,,はさみポケモン,60.0,1.3,みず,,かいりきバサミ,シェルアーマー,ちからずく,8,55,130,115,50,50,75
,0099-999,99,999,キングラー,キョダイマックス,キングラー(キョダイ),,-,9999.9,19.0,みず,,かいりきバサミ,シェルアーマー,ちからずく,8,55,130,115,50,50,75
95.0,0100-000,100,0,ビリリダマ,,ビリリダマ,pm0100_00_00_00.png,ボールポケモン,10.4,0.5,でんき,,ぼうおん,せいでんき,ゆうばく,9,40,30,50,55,55,100
96.0,0100-001,100,1,ビリリダマ,ヒスイのすがた,ビリリダマ(ヒスイ),pm0100_00_41_00.png,きゅうたいポケモン,13.0,0.5,でんき,くさ,ぼうおん,せいでんき,ゆうばく,9,40,30,50,55,55,100
97.0,0101-000,101,0,マルマイン,,マルマイン,pm0101_00_00_00.png,ボールポケモン,66.6,1.2,でんき,,ぼうおん,せいでんき,ゆうばく,9,60,50,70,80,80,150
98.0,0101-001,101,1,マルマイン,ヒスイのすがた,マルマイン(ヒスイ),pm0101_00_41_00.png,きゅうたいポケモン,71.0,1.2,でんき,くさ,ぼうおん,せいでんき,ゆうばく,9,60,50,70,80,80,150
99.0,0102-000,102,0,タマタマ,,タマタマ,pm0102_00_00_00.png,たまごポケモン,2.5,0.4,くさ,エスパー,ようりょくそ,しゅうかく,,9,60,40,80,60,45,40
100.0,0103-000,103,0,ナッシー,,ナッシー,pm0103_00_00_00.png,やしのみポケモン,120.0,2.0,くさ,エスパー,ようりょくそ,しゅうかく,,9,95,95,85,125,75,55
101.0,0103-001,103,1,ナッシー,アローラのすがた,ナッシー(アローラ),pm0103_00_11_00.png,やしのみポケモン,415.6,10.9,くさ,ドラゴン,おみとおし,しゅうかく,,9,95,105,85,125,75,45
,0104-000,104,0,カラカラ,,カラカラ,,こどくポケモン,6.5,0.4,じめん,,いしあたま,ひらいしん,カブトアーマー,8,50,50,95,40,50,35
,0105-000,105,0,ガラガラ,,ガラガラ,,ほねずきポケモン,45.0,1.0,じめん,,いしあたま,ひらいしん,カブトアーマー,8,60,80,110,50,80,45
,0105-001,105,1,ガラガラ,アローラのすがた,ガラガラ(アローラ),,ほねずきポケモン,34.0,1.0,ほのお,ゴースト,のろわれボディ,ひらいしん,カブトアーマー,8,60,80,110,50,80,45
102.0,0106-000,106,0,サワムラー,,サワムラー,pm0106_00_00_00.png,キックポケモン,49.8,1.5,かくとう,,じゅうなん,すてみ,かるわざ,9,50,120,53,35,110,87
103.0,0107-000,107,0,エビワラー,,エビワラー,pm0107_00_00_00.png,パンチポケモン,50.2,1.4,かくとう,,するどいめ,てつのこぶし,せいしんりょく,9,50,105,79,35,110,76
,0108-000,108,0,ベロリンガ,,ベロリンガ,,なめまわしポケモン,65.5,1.2,ノーマル,,マイペース,どんかん,ノーてんき,8,90,55,75,60,75,30
104.0,0109-000,109,0,ドガース,,ドガース,pm0109_00_00_00.png,どくガスポケモン,1.0,0.6,どく,,ふゆう,かがくへんかガス,あくしゅう,9,40,65,95,60,45,35
105.0,0110-000,110,0,マタドガス,,マタドガス,pm0110_00_00_00.png,どくガスポケモン,9.5,1.2,どく,,ふゆう,かがくへんかガス,あくしゅう,9,65,90,120,85,70,60
106.0,0110-001,110,1,マタドガス,ガラルのすがた,マタドガス(ガラル),pm0110_00_31_00.png,どくガスポケモン,16.0,3.0,どく,フェアリー,ふゆう,かがくへんかガス,あくしゅう,9,65,90,120,85,70,60
107.0,0111-000,111,0,サイホーン,,サイホーン,pm0111_00_00_00.png,とげとげポケモン,115.0,1.0,じめん,いわ,ひらいしん,いしあたま,すてみ,9,80,85,95,30,30,25
109.0,0112-000,112,0,サイドン,,サイドン,pm0112_00_00_00.png,ドリルポケモン,120.0,1.9,じめん,いわ,ひらいしん,いしあたま,すてみ,9,105,130,120,45,45,40
110.0,0113-000,113,0,ラッキー,,ラッキー,pm0113_00_00_00.png,たまごポケモン,34.6,1.1,ノーマル,,しぜんかいふく,てんのめぐみ,いやしのこころ,9,250,5,5,35,105,50
,0114-000,114,0,モンジャラ,,モンジャラ,,ツルじょうポケモン,35.0,1.0,くさ,,ようりょくそ,リーフガード,さいせいりょく,8,65,55,115,100,40,60
,0115-000,115,0,ガルーラ,,ガルーラ,,おやこポケモン,80.0,2.2,ノーマル,,はやおき,きもったま,せいしんりょく,8,105,95,80,40,80,90
,0115-001,115,1,ガルーラ,メガガルーラ,メガガルーラ,,おやこポケモン,100.0,2.2,ノーマル,,おやこあい,せいしんりょく,,7,105,95,80,40,80,90
111.0,0116-000,116,0,タッツー,,タッツー,pm0116_00_00_00.png,ドラゴンポケモン,8.0,0.4,みず,,すいすい,スナイパー,しめりけ,9,30,40,70,70,25,60
112.0,0117-000,117,0,シードラ,,シードラ,pm0117_00_00_00.png,ドラゴンポケモン,25.0,1.2,みず,,どくのトゲ,スナイパー,しめりけ,9,55,65,95,95,45,85
,0118-000,118,0,トサキント,,トサキント,,きんぎょポケモン,15.0,0.6,みず,,すいすい,みずのベール,ひらいしん,8,45,67,60,35,50,63
,0119-000,119,0,アズマオウ,,アズマオウ,,きんぎょポケモン,39.0,1.3,みず,,すいすい,みずのベール,ひらいしん,8,80,92,65,65,80,68
,0120-000,120,0,ヒトデマン,,ヒトデマン,,ほしがたポケモン,34.5,0.8,みず,,はっこう,しぜんかいふく,アナライズ,8,30,45,55,70,55,85
,0121-000,121,0,スターミー,,スターミー,,なぞのポケモン,80.0,1.1,みず,エスパー,はっこう,しぜんかいふく,アナライズ,8,60,75,85,100,85,115
,0122-000,122,0,バリヤード,,バリヤード,,バリアーポケモン,54.5,1.3,エスパー,フェアリー,ぼうおん,フィルター,テクニシャン,8,40,45,65,100,120,90
,0122-001,122,1,バリヤード,ガラルのすがた,バリヤード(ガラル),,ダンスポケモン,56.8,1.4,こおり,エスパー,やるき,バリアフリー,テクニシャン,8,50,65,65,90,90,100
113.0,0123-000,123,0,ストライク,,ストライク,pm0123_00_00_00.png,かまきりポケモン,56.0,1.5,むし,ひこう,むしのしらせ,テクニシャン,ふくつのこころ,9,70,110,80,55,80,105
,0124-000,124,0,ルージュラ,,ルージュラ,,ひとがたポケモン,40.6,1.4,こおり,エスパー,どんかん,よちむ,かんそうはだ,8,65,50,35,115,95,95
114.0,0125-000,125,0,エレブー,,エレブー,pm0125_00_00_00.png,でんげきポケモン,30.0,1.1,でんき,,せいでんき,やるき,,9,65,83,57,95,85,105
115.0,0126-000,126,0,ブーバー,,ブーバー,pm0126_00_00_00.png,ひふきポケモン,44.5,1.3,ほのお,,ほのおのからだ,やるき,,9,65,95,57,100,85,93
,0127-000,127,0,カイロス,,カイロス,,くわがたポケモン,55.0,1.5,むし,,かいりきバサミ,かたやぶり,じしんかじょう,8,65,125,100,55,70,85
,0127-001,127,1,カイロス,メガカイロス,メガカイロス,,くわがたポケモン,59.0,1.7,むし,ひこう,スカイスキン,じしんかじょう,,7,65,125,100,55,70,85
116.0,0128-000,128,0,ケンタロス,,ケンタロス,pm0128_00_00_00.png,あばれうしポケモン,88.4,1.4,ノーマル,,いかく,いかりのつぼ,ちからずく,9,75,100,95,40,70,110
117.0,0128-001,128,1,ケンタロス,パルデアのすがた,ケンタロス(パルデア闘),pm0128_11_51_00.png,あばれうしポケモン,115.0,1.4,かくとう,,いかく,いかりのつぼ,ちからずく,9,75,110,105,30,70,100
118.0,0128-002,128,2,ケンタロス,パルデアのすがた,ケンタロス(パルデア炎),pm0128_12_51_00.png,あばれうしポケモン,85.0,1.4,かくとう,ほのお,いかく,いかりのつぼ,ちからずく,9,75,110,105,30,70,100
119.0,0128-003,128,3,ケンタロス,パルデアのすがた,ケンタロス(パルデア水),pm0128_13_51_00.png,あばれうしポケモン,110.0,1.4,かくとう,みず,いかく,いかりのつぼ,ちからずく,9,75,110,105,30,70,100
120.0,0129-000,129,0,コイキング,,コイキング,pm0129_00_00_00.png,さかなポケモン,10.0,0.9,みず,,すいすい,びびり,,9,20,10,55,15,20,80
121.0,0130-000,130,0,ギャラドス,,ギャラドス,pm0130_00_00_00.png,きょうあくポケモン,235.0,6.5,みず,ひこう,いかく,じしんかじょう,,9,95,125,79,60,100,81
,0130-001,130,1,ギャラドス,メガギャラドス,メガギャラドス,,きょうあくポケモン,305.0,6.5,みず,あく,かたやぶり,じしんかじょう,,7,95,125,79,60,100,81
122.0,0131-000,131,0,ラプラス,,ラプラス,pm0131_00_00_00.png,のりものポケモン,220.0,2.5,みず,こおり,ちょすい,シェルアーマー,うるおいボディ,9,130,85,80,85,95,60
,0131-999,131,999,ラプラス,キョダイマックス,ラプラス(キョダイ),,-,9999.9,24.0,みず,こおり,ちょすい,シェルアーマー,うるおいボディ,8,130,85,80,85,95,60
123.0,0132-000,132,0,メタモン,,メタモン,pm0132_00_00_00.png,へんしんポケモン,4.0,0.3,ノーマル,,じゅうなん,かわりもの,,9,48,48,48,48,48,48
124.0,0133-000,133,0,イーブイ,,イーブイ,pm0133_00_00_00.png,しんかポケモン,6.5,0.3,ノーマル,,にげあし,てきおうりょく,きけんよち,9,55,55,50,45,65,55
,0133-999,133,999,イーブイ,キョダイマックス,イーブイ(キョダイ),,-,9999.9,18.0,ノーマル,,にげあし,てきおうりょく,きけんよち,8,55,55,50,45,65,55
125.0,0134-000,134,0,シャワーズ,,シャワーズ,pm0134_00_00_00.png,あわはきポケモン,29.0,1.0,みず,,ちょすい,うるおいボディ,,9,130,65,60,110,95,65
126.0,0135-000,135,0,サンダース,,サンダース,pm0135_00_00_00.png,かみなりポケモン,24.5,0.8,でんき,,ちくでん,はやあし,,9,65,65,60,110,95,130
127.0,0136-000,136,0,ブースター,,ブースター,pm0136_00_00_00.png,ほのおポケモン,25.0,0.9,ほのお,,もらいび,こんじょう,,9,65,130,60,95,110,65
128.0,0137-000,137,0,ポリゴン,,ポリゴン,pm0137_00_00_00.png,バーチャルポケモン,36.5,0.8,ノーマル,,トレース,ダウンロード,アナライズ,9,65,60,70,85,75,40
,0138-000,138,0,オムナイト,,オムナイト,,うずまきポケモン,7.5,0.4,いわ,みず,すいすい,シェルアーマー,くだけるよろい,8,35,40,100,90,55,35
,0139-000,139,0,オムスター,,オムスター,,うずまきポケモン,35.0,1.0,いわ,みず,すいすい,シェルアーマー,くだけるよろい,8,70,60,125,115,70,55
,0140-000,140,0,カブト,,カブト,,こうらポケモン,11.5,0.5,いわ,みず,すいすい,カブトアーマー,くだけるよろい,8,30,80,90,55,45,55
,0141-000,141,0,カブトプス,,カブトプス,,こうらポケモン,40.5,1.3,いわ,みず,すいすい,カブトアーマー,くだけるよろい,8,60,115,105,65,70,80
,0142-000,142,0,プテラ,,プテラ,,かせきポケモン,59.0,1.8,いわ,ひこう,いしあたま,プレッシャー,きんちょうかん,8,80,105,65,60,75,130
,0142-001,142,1,プテラ,メガプテラ,メガプテラ,,かせきポケモン,79.0,2.1,いわ,ひこう,かたいツメ,きんちょうかん,,7,80,105,65,60,75,130
129.0,0143-000,143,0,カビゴン,,カビゴン,pm0143_00_00_00.png,いねむりポケモン,460.0,2.1,ノーマル,,めんえき,あついしぼう,くいしんぼう,9,160,110,65,65,110,30
,0143-999,143,999,カビゴン,キョダイマックス,カビゴン(キョダイ),,-,9999.9,35.0,ノーマル,,めんえき,あついしぼう,くいしんぼう,8,160,110,65,65,110,30
130.0,0144-000,144,0,フリーザー,,フリーザー,pm0144_00_00_00.png,れいとうポケモン,55.4,1.7,こおり,ひこう,プレッシャー,ゆきがくれ,,9,90,85,100,95,125,85
131.0,0144-001,144,1,フリーザー,ガラルのすがた,フリーザー(ガラル),pm0144_00_31_00.png,れいこくポケモン,50.9,1.7,エスパー,ひこう,かちき,ゆきがくれ,,9,90,85,85,125,100,95
132.0,0145-000,145,0,サンダー,,サンダー,pm0145_00_00_00.png,でんげきポケモン,52.6,1.6,でんき,ひこう,プレッシャー,せいでんき,,9,90,90,85,125,90,100
133.0,0145-001,145,1,サンダー,ガラルのすがた,サンダー(ガラル),pm0145_00_31_00.png,けんきゃくポケモン,58.2,1.6,かくとう,ひこう,まけんき,せいでんき,,9,90,125,90,85,90,100
134.0,0146-000,146,0,ファイヤー,,ファイヤー,pm0146_00_00_00.png,かえんポケモン,60.0,2.0,ほのお,ひこう,プレッシャー,ほのおのからだ,,9,90,100,90,125,85,90
135.0,0146-001,146,1,ファイヤー,ガラルのすがた,ファイヤー(ガラル),pm0146_00_31_00.png,じゃあくポケモン,66.0,2.0,あく,ひこう,ぎゃくじょう,ほのおのからだ,,9,90,85,90,100,125,90
136.0,0147-000,147,0,ミニリュウ,,ミニリュウ,pm0147_00_00_00.png,ドラゴンポケモン,3.3,1.8,ドラゴン,,だっぴ,ふしぎなうろこ,,9,41,64,45,50,50,50
137.0,0148-000,148,0,ハクリュー,,ハクリュー,pm0148_00_00_00.png,ドラゴンポケモン,16.5,4.0,ドラゴン,,だっぴ,ふしぎなうろこ,,9,61,84,65,70,70,70
138.0,0149-000,149,0,カイリュー,,カイリュー,pm0149_00_00_00.png,ドラゴンポケモン,210.0,2.2,ドラゴン,ひこう,せいしんりょく,マルチスケイル,,9,91,134,95,100,100,80
139.0,0150-000,150,0,ミュウツー,,ミュウツー,pm0150_00_00_00.png,いでんしポケモン,122.0,2.0,エスパー,,プレッシャー,きんちょうかん,,9,106,110,90,154,90,130
,0150-001,150,1,ミュウツー,メガミュウツーＸ,メガミュウツーＸ,,いでんしポケモン,127.0,2.3,エスパー,かくとう,ふくつのこころ,きんちょうかん,,7,106,110,90,154,90,130
,0150-002,150,2,ミュウツー,メガミュウツーＹ,メガミュウツーＹ,,いでんしポケモン,33.0,1.5,エスパー,,ふみん,きんちょうかん,,7,106,110,90,154,90,130
140.0,0151-000,151,0,ミュウ,,ミュウ,pm0151_00_00_00.png,しんしゅポケモン,4.0,0.4,エスパー,,シンクロ,,,9,100,100,100,100,100,100
141.0,0152-000,152,0,チコリータ,,チコリータ,pm0152_00_00_00.png,はっぱポケモン,6.4,0.9,くさ,,しんりょく,リーフガード,,9,45,49,65,49,65,45
142.0,0153-000,153,0,ベイリーフ,,ベイリーフ,pm0153_00_00_00.png,はっぱポケモン,15.8,1.2,くさ,,しんりょく,リーフガード,,9,60,62,80,63,80,60
143.0,0154-000,154,0,メガニウム,,メガニウム,pm0154_00_00_00.png,ハーブポケモン,100.5,1.8,くさ,,しんりょく,リーフガード,,9,80,82,100,83,100,80
144.0,0155-000,155,0,ヒノアラシ,,ヒノアラシ,pm0155_00_00_00.png,ひねずみポケモン,7.9,0.5,ほのお,,もうか,もらいび,,9,39,52,43,60,50,65
145.0,0156-000,156,0,マグマラシ,,マグマラシ,pm0156_00_00_00.png,かざんポケモン,19.0,0.9,ほのお,,もうか,もらいび,,9,58,64,58,80,65,80
146.0,0157-000,157,0,バクフーン,,バクフーン,pm0157_00_00_00.png,かざんポケモン,79.5,1.7,ほのお,,もうか,もらいび,,9,78,84,78,109,85,100
147.0,0157-001,157,1,バクフーン,ヒスイのすがた,バクフーン(ヒスイ),pm0157_00_41_00.png,おにびポケモン,69.8,1.6,ほのお,ゴースト,もうか,もらいび,おみとおし,9,73,84,78,119,85,95
148.0,0158-000,158,0,ワニノコ,,ワニノコ,pm0158_00_00_00.png,おおあごポケモン,9.5,0.6,みず,,げきりゅう,ちからずく,,9,50,65,64,44,48,43
149.0,0159-000,159,0,アリゲイツ,,アリゲイツ,pm0159_00_00_00.png,おおあごポケモン,25.0,1.1,みず,,げきりゅう,ちからずく,,9,65,80,80,59,63,58
150.0,0160-000,160,0,オーダイル,,オーダイル,pm0160_00_00_00.png,おおあごポケモン,88.8,2.3,みず,,げきりゅう,ちからずく,,9,85,105,100,79,83,78
151.0,0161-000,161,0,オタチ,,オタチ,pm0161_00_00_00.png,みはりポケモン,6.0,0.8,ノーマル,,にげあし,するどいめ,おみとおし,9,35,46,34,35,45,20
152.0,0162-000,162,0,オオタチ,,オオタチ,pm0162_00_00_00.png,どうながポケモン,32.5,1.8,ノーマル,,にげあし,するどいめ,おみとおし,9,85,76,64,45,55,90
153.0,0163-000,163,0,ホーホー,,ホーホー,pm0163_00_00_00.png,ふくろうポケモン,21.2,0.7,ノーマル,ひこう,ふみん,するどいめ,いろめがね,9,60,30,30,36,56,50
154.0,0164-000,164,0,ヨルノズク,,ヨルノズク,pm0164_00_00_00.png,ふくろうポケモン,40.8,1.6,ノーマル,ひこう,ふみん,するどいめ,いろめがね,9,100,50,50,86,96,70
,0165-000,165,0,レディバ,,レディバ,,いつつぼしポケモン,10.8,1.0,むし,ひこう,むしのしらせ,はやおき,びびり,8,40,20,30,40,80,55
,0166-000,166,0,レディアン,,レディアン,,いつつぼしポケモン,35.6,1.4,むし,ひこう,むしのしらせ,はやおき,てつのこぶし,8,55,35,50,55,110,85
155.0,0167-000,167,0,イトマル,,イトマル,pm0167_00_00_00.png,いとはきポケモン,8.5,0.5,むし,どく,むしのしらせ,ふみん,スナイパー,9,40,60,40,40,40,30
156.0,0168-000,168,0,アリアドス,,アリアドス,pm0168_00_00_00.png,あしながポケモン,33.5,1.1,むし,どく,むしのしらせ,ふみん,スナイパー,9,70,90,70,60,70,40
,0169-000,169,0,クロバット,,クロバット,,こうもりポケモン,75.0,1.8,どく,ひこう,せいしんりょく,すりぬけ,,8,85,90,80,70,80,130
157.0,0170-000,170,0,チョンチー,,チョンチー,pm0170_00_00_00.png,あんこうポケモン,12.0,0.5,みず,でんき,ちくでん,はっこう,ちょすい,9,75,38,38,56,56,67
158.0,0171-000,171,0,ランターン,,ランターン,pm0171_00_00_00.png,ライトポケモン,22.5,1.2,みず,でんき,ちくでん,はっこう,ちょすい,9,125,58,58,76,76,67
159.0,0172-000,172,0,ピチュー,,ピチュー,pm0172_00_00_00.png,こねずみポケモン,2.0,0.3,でんき,,せいでんき,ひらいしん,,9,20,40,15,35,35,60
160.0,0173-000,173,0,ピィ,,ピィ,pm0173_00_00_00.png,ほしがたポケモン,3.0,0.3,フェアリー,,メロメロボディ,マジックガード,フレンドガード,9,50,25,28,45,55,15
161.0,0174-000,174,0,ププリン,,ププリン,pm0174_00_00_00.png,ふうせんポケモン,1.0,0.3,ノーマル,フェアリー,メロメロボディ,かちき,フレンドガード,9,90,30,15,40,20,15
,0175-000,175,0,トゲピー,,トゲピー,,はりたまポケモン,1.5,0.3,フェアリー,,はりきり,てんのめぐみ,きょううん,8,35,20,65,40,65,20
,0176-000,176,0,トゲチック,,トゲチック,,しあわせポケモン,3.2,0.6,フェアリー,ひこう,はりきり,てんのめぐみ,きょううん,8,55,40,85,80,105,40
,0177-000,177,0,ネイティ,,ネイティ,,ことりポケモン,2.0,0.2,エスパー,ひこう,シンクロ,はやおき,マジックミラー,8,40,50,45,70,45,70
,0178-000,178,0,ネイティオ,,ネイティオ,,せいれいポケモン,15.0,1.5,エスパー,ひこう,シンクロ,はやおき,マジックミラー,8,65,75,70,95,70,95
162.0,0179-000,179,0,メリープ,,メリープ,pm0179_00_00_00.png,わたげポケモン,7.8,0.6,でんき,,せいでんき,プラス,,9,55,40,40,65,45,35
163.0,0180-000,180,0,モココ,,モココ,pm0180_00_00_00.png,わたげポケモン,13.3,0.8,でんき,,せいでんき,プラス,,9,70,55,55,80,60,45
164.0,0181-000,181,0,デンリュウ,,デンリュウ,pm0181_00_00_00.png,ライトポケモン,61.5,1.4,でんき,,せいでんき,プラス,,9,90,75,85,115,90,55
,0181-001,181,1,デンリュウ,メガデンリュウ,メガデンリュウ,,ライトポケモン,61.5,1.4,でんき,ドラゴン,かたやぶり,プラス,,7,90,75,85,115,90,55
165.0,0182-000,182,0,キレイハナ,,キレイハナ,pm0182_00_00_00.png,フラワーポケモン,5.8,0.4,くさ,,ようりょくそ,いやしのこころ,,8,75,80,95,90,100,50
166.0,0183-000,183,0,マリル,,マリル,pm0183_00_00_00.png,みずねずみポケモン,8.5,0.4,みず,フェアリー,あついしぼう,ちからもち,そうしょく,9,70,20,50,20,50,40
167.0,0184-000,184,0,マリルリ,,マリルリ,pm0184_00_00_00.png,みずうさぎポケモン,28.5,0.8,みず,フェアリー,あついしぼう,ちからもち,そうしょく,9,100,50,80,60,80,50
168.0,0185-000,185,0,ウソッキー,,ウソッキー,pm0185_00_00_00.png,まねポケモン,38.0,1.2,いわ,,がんじょう,いしあたま,びびり,9,70,100,115,30,65,30
169.0,0186-000,186,0,ニョロトノ,,ニョロトノ,pm0186_00_00_00.png,かえるポケモン,33.9,1.1,みず,,ちょすい,しめりけ,あめふらし,9,90,75,75,90,100,70
170.0,0187-000,187,0,ハネッコ,,ハネッコ,pm0187_00_00_00.png,わたくさポケモン,0.5,0.4,くさ,ひこう,ようりょくそ,リーフガード,すりぬけ,9,35,35,40,35,55,50
171.0,0188-000,188,0,ポポッコ,,ポポッコ,pm0188_00_00_00.png,わたくさポケモン,1.0,0.6,くさ,ひこう,ようりょくそ,リーフガード,すりぬけ,9,55,45,50,45,65,80
172.0,0189-000,189,0,ワタッコ,,ワタッコ,pm0189_00_00_00.png,わたくさポケモン,3.0,0.8,くさ,ひこう,ようりょくそ,リーフガード,すりぬけ,9,75,55,70,55,95,110
173.0,0190-000,190,0,エイパム,,エイパム,pm0190_00_00_00.png,おながポケモン,11.5,0.8,ノーマル,,にげあし,ものひろい,スキルリンク,9,55,70,55,40,55,85
174.0,0191-000,191,0,ヒマナッツ,,ヒマナッツ,pm0191_00_00_00.png,たねポケモン,1.8,0.3,くさ,,ようりょくそ,サンパワー,はやおき,9,30,30,30,30,30,30
175.0,0192-000,192,0,キマワリ,,キマワリ,pm0192_00_00_00.png,たいようポケモン,8.5,0.8,くさ,,ようりょくそ,サンパワー,はやおき,9,75,75,55,105,85,30
176.0,0193-000,193,0,ヤンヤンマ,,ヤンヤンマ,pm0193_00_00_00.png,うすばねポケモン,38.0,1.2,むし,ひこう,かそく,ふくがん,おみとおし,9,65,65,45,75,45,95
177.0,0194-000,194,0,ウパー,,ウパー,pm0194_00_00_00.png,みずうおポケモン,8.5,0.4,みず,じめん,しめりけ,ちょすい,てんねん,9,55,45,45,25,25,15
178.0,0194-001,194,1,ウパー,パルデアのすがた,ウパー(パルデア),pm0194_00_51_00.png,どくうおポケモン,11.0,0.4,どく,じめん,どくのトゲ,ちょすい,てんねん,9,55,45,45,25,25,15
179.0,0195-000,195,0,ヌオー,,ヌオー,pm0195_00_00_00.png,みずうおポケモン,75.0,1.4,みず,じめん,しめりけ,ちょすい,てんねん,9,95,85,85,65,65,35
180.0,0196-000,196,0,エーフィ,,エーフィ,pm0196_00_00_00.png,たいようポケモン,26.5,0.9,エスパー,,シンクロ,マジックミラー,,9,65,65,60,130,95,110
181.0,0197-000,197,0,ブラッキー,,ブラッキー,pm0197_00_00_00.png,げっこうポケモン,27.0,1.0,あく,,シンクロ,せいしんりょく,,9,95,65,110,60,130,65
182.0,0198-000,198,0,ヤミカラス,,ヤミカラス,pm0198_00_00_00.png,くらやみポケモン,2.1,0.5,あく,ひこう,ふみん,きょううん,いたずらごころ,9,60,85,42,85,42,91
183.0,0199-000,199,0,ヤドキング,,ヤドキング,pm0199_00_00_00.png,おうじゃポケモン,79.5,2.0,みず,エスパー,どんかん,マイペース,さいせいりょく,9,95,75,80,100,110,30
184.0,0199-001,199,1,ヤドキング,ガラルのすがた,ヤドキング(ガラル),pm0199_00_31_00.png,じゅじゅつしポケモン,79.5,1.8,どく,エスパー,きみょうなくすり,マイペース,さいせいりょく,9,95,65,80,110,110,30
185.0,0200-000,200,0,ムウマ,,ムウマ,pm0200_00_00_00.png,よなきポケモン,1.0,0.7,ゴースト,,ふゆう,,,9,60,60,60,85,85,85
,0201-000,201,0,アンノーン,あるすがた,アンノーン,,シンボルポケモン,5.0,0.5,エスパー,,ふゆう,,,8,48,72,48,72,48,48
,0202-000,202,0,ソーナンス,,ソーナンス,,がまんポケモン,28.5,1.3,エスパー,,かげふみ,テレパシー,,8,190,33,58,33,58,33
186.0,0203-000,203,0,キリンリキ,,キリンリキ,pm0203_00_00_00.png,くびながポケモン,41.5,1.5,ノーマル,エスパー,せいしんりょく,はやおき,そうしょく,9,70,80,65,90,65,85
187.0,0204-000,204,0,クヌギダマ,,クヌギダマ,pm0204_00_00_00.png,みのむしポケモン,7.2,0.6,むし,,がんじょう,ぼうじん,,9,50,65,90,35,35,15
188.0,0205-000,205,0,フォレトス,,フォレトス,pm0205_00_00_00.png,みのむしポケモン,125.8,1.2,むし,はがね,がんじょう,ぼうじん,,9,75,90,140,60,60,40
189.0,0206-000,206,0,ノコッチ,,ノコッチ,pm0206_00_00_00.png,つちへびポケモン,14.0,1.5,ノーマル,,てんのめぐみ,にげあし,びびり,9,100,70,70,65,65,45
190.0,0207-000,207,0,グライガー,,グライガー,pm0207_00_00_00.png,とびさそりポケモン,64.8,1.1,じめん,ひこう,かいりきバサミ,すながくれ,めんえき,9,65,75,105,35,65,85
,0208-000,208,0,ハガネール,,ハガネール,,てつへびポケモン,400.0,9.2,はがね,じめん,いしあたま,がんじょう,ちからずく,8,75,85,200,55,65,30
,0208-001,208,1,ハガネール,メガハガネール,メガハガネール,,てつへびポケモン,740.0,10.5,はがね,じめん,すなのちから,ちからずく,,7,75,85,200,55,65,30
191.0,0209-000,209,0,ブルー,,ブルー,pm0209_00_00_00.png,ようせいポケモン,7.8,0.6,フェアリー,,いかく,にげあし,びびり,9,60,80,50,40,40,30
192.0,0210-000,210,0,グランブル,,グランブル,pm0210_00_00_00.png,ようせいポケモン,48.7,1.4,フェアリー,,いかく,はやあし,びびり,9,90,120,75,60,60,45
193.0,0211-000,211,0,ハリーセン,,ハリーセン,pm0211_00_00_00.png,ふうせんポケモン,3.9,0.5,みず,どく,どくのトゲ,すいすい,いかく,9,65,95,85,55,55,85
194.0,0211-001,211,1,ハリーセン,ヒスイのすがた,ハリーセン(ヒスイ),pm0211_00_41_00.png,ふうせんポケモン,3.9,0.5,あく,どく,どくのトゲ,すいすい,いかく,9,65,95,85,55,55,85
195.0,0212-000,212,0,ハッサム,,ハッサム,pm0212_00_00_00.png,はさみポケモン,118.0,1.8,むし,はがね,むしのしらせ,テクニシャン,ライトメタル,9,70,130,100,55,80,65
,0212-001,212,1,ハッサム,メガハッサム,メガハッサム,,はさみポケモン,125.0,2.0,むし,はがね,テクニシャン,ライトメタル,,7,70,130,100,55,80,65
,0213-000,213,0,ツボツボ,,ツボツボ,,はっこうポケモン,20.5,0.6,むし,いわ,がんじょう,くいしんぼう,あまのじゃく,8,20,10,230,10,230,5
196.0,0214-000,214,0,ヘラクロス,,ヘラクロス,pm0214_00_00_00.png,１ぽんヅノポケモン,54.0,1.5,むし,かくとう,むしのしらせ,こんじょう,じしんかじょう,9,80,125,75,40,95,85
,0214-001,214,1,ヘラクロス,メガヘラクロス,メガヘラクロス,,１ぽんヅノポケモン,62.5,1.7,むし,かくとう,スキルリンク,じしんかじょう,,7,80,125,75,40,95,85
197.0,0215-000,215,0,ニューラ,,ニューラ,pm0215_00_00_00.png,かぎづめポケモン,28.0,0.9,あく,こおり,せいしんりょく,するどいめ,わるいてぐせ,9,55,95,55,35,75,115
198.0,0215-001,215,1,ニューラ,ヒスイのすがた,ニューラ(ヒスイ),pm0215_00_41_00.png,かぎづめポケモン,27.0,0.9,かくとう,どく,せいしんりょく,するどいめ,わるいてぐせ,9,55,95,55,35,75,115
199.0,0216-000,216,0,ヒメグマ,,ヒメグマ,pm0216_00_00_00.png,こぐまポケモン,8.8,0.6,ノーマル,,ものひろい,はやあし,みつあつめ,9,60,80,50,50,50,40
200.0,0217-000,217,0,リングマ,,リングマ,pm0217_00_00_00.png,とうみんポケモン,125.8,1.8,ノーマル,,こんじょう,はやあし,きんちょうかん,9,90,130,75,75,75,55
201.0,0218-000,218,0,マグマッグ,,マグマッグ,pm0218_00_00_00.png,ようがんポケモン,35.0,0.7,ほのお,,マグマのよろい,ほのおのからだ,くだけるよろい,9,40,40,40,70,40,20
202.0,0219-000,219,0,マグカルゴ,,マグカルゴ,pm0219_00_00_00.png,ようがんポケモン,55.0,0.8,ほのお,いわ,マグマのよろい,ほのおのからだ,くだけるよろい,9,60,50,120,90,80,30
203.0,0220-000,220,0,ウリムー,,ウリムー,pm0220_00_00_00.png,いのぶたポケモン,6.5,0.4,こおり,じめん,どんかん,ゆきがくれ,あついしぼう,9,50,50,40,30,30,50
204.0,0221-000,221,0,イノムー,,イノムー,pm0221_00_00_00.png,いのししポケモン,55.8,1.1,こおり,じめん,どんかん,ゆきがくれ,あついしぼう,9,100,100,80,60,60,50
,0222-000,222,0,サニーゴ,,サニーゴ,,さんごポケモン,5.0,0.6,みず,いわ,はりきり,しぜんかいふく,さいせいりょく,8,65,55,95,65,95,35
,0222-001,222,1,サニーゴ,ガラルのすがた,サニーゴ(ガラル),,さんごポケモン,0.5,0.6,ゴースト,,くだけるよろい,さいせいりょく,のろわれボディ,8,60,55,100,65,100,30
,0223-000,223,0,テッポウオ,,テッポウオ,,ふんしゃポケモン,12.0,0.6,みず,,はりきり,スナイパー,ムラっけ,8,35,65,35,65,35,65
,0224-000,224,0,オクタン,,オクタン,,ふんしゃポケモン,28.5,0.9,みず,,きゅうばん,スナイパー,ムラっけ,8,75,105,75,105,75,45
205.0,0225-000,225,0,デリバード,,デリバード,pm0225_00_00_00.png,はこびやポケモン,16.0,0.9,こおり,ひこう,やるき,はりきり,ふみん,9,45,55,45,65,45,75
,0226-000,226,0,マンタイン,,マンタイン,,カイトポケモン,220.0,2.1,みず,ひこう,すいすい,ちょすい,みずのベール,8,85,40,70,80,140,70
206.0,0227-000,227,0,エアームド,,エアームド,pm0227_00_00_00.png,よろいどりポケモン,50.5,1.7,はがね,ひこう,するどいめ,がんじょう,くだけるよろい,9,65,80,140,40,70,70
207.0,0228-000,228,0,デルビル,,デルビル,pm0228_00_00_00.png,ダークポケモン,10.8,0.6,あく,ほのお,はやおき,もらいび,きんちょうかん,9,45,60,30,80,50,65
208.0,0229-000,229,0,ヘルガー,,ヘルガー,pm0229_00_00_00.png,ダークポケモン,35.0,1.4,あく,ほのお,はやおき,もらいび,きんちょうかん,9,75,90,50,110,80,95
,0229-001,229,1,ヘルガー,メガヘルガー,メガヘルガー,,ダークポケモン,49.5,1.9,あく,ほのお,サンパワー,きんちょうかん,,7,75,90,50,110,80,95
209.0,0230-000,230,0,キングドラ,,キングドラ,pm0230_00_00_00.png,ドラゴンポケモン,152.0,1.8,みず,ドラゴン,すいすい,スナイパー,しめりけ,9,75,95,95,95,95,85
210.0,0231-000,231,0,ゴマゾウ,,ゴマゾウ,pm0231_00_00_00.png,ながはなポケモン,33.5,0.5,じめん,,ものひろい,すながくれ,,9,90,60,60,40,40,40
211.0,0232-000,232,0,ドンファン,,ドンファン,pm0232_00_00_00.png,よろいポケモン,120.0,1.1,じめん,,がんじょう,すながくれ,,9,90,120,120,60,60,50
212.0,0233-000,233,0,ポリゴン２,,ポリゴン２,pm0233_00_00_00.png,バーチャルポケモン,32.5,0.6,ノーマル,,トレース,ダウンロード,アナライズ,9,85,80,90,105,95,60
213.0,0234-000,234,0,オドシシ,,オドシシ,pm0234_00_00_00.png,おおツノポケモン,71.2,1.4,ノーマル,,いかく,おみとおし,そうしょく,9,73,95,62,85,65,85
214.0,0235-000,235,0,ドーブル,,ドーブル,pm0235_00_00_00.png,えかきポケモン,58.0,1.2,ノーマル,,マイペース,テクニシャン,ムラっけ,9,55,20,35,20,45,75
215.0,0236-000,236,0,バルキー,,バルキー,pm0236_00_00_00.png,けんかポケモン,21.0,0.7,かくとう,,こんじょう,ふくつのこころ,やるき,9,35,35,35,35,35,35
216.0,0237-000,237,0,カポエラー,,カポエラー,pm0237_00_00_00.png,さかだちポケモン,48.0,1.4,かくとう,,いかく,テクニシャン,ふくつのこころ,9,50,95,95,35,110,70
,0238-000,238,0,ムチュール,,ムチュール,,くちづけポケモン,6.0,0.4,こおり,エスパー,どんかん,よちむ,うるおいボディ,8,45,30,15,85,65,65
217.0,0239-000,239,0,エレキッド,,エレキッド,pm0239_00_00_00.png,でんきポケモン,23.5,0.6,でんき,,せいでんき,やるき,,9,45,63,37,65,55,95
218.0,0240-000,240,0,ブビィ,,ブビィ,pm0240_00_00_00.png,ひだねポケモン,21.4,0.7,ほのお,,ほのおのからだ,やるき,,9,45,75,37,70,55,83
,0241-000,241,0,ミルタンク,,ミルタンク,,ちちうしポケモン,75.5,1.2,ノーマル,,あついしぼう,きもったま,そうしょく,8,95,80,105,40,70,100
219.0,0242-000,242,0,ハピナス,,ハピナス,pm0242_00_00_00.png,しあわせポケモン,46.8,1.5,ノーマル,,しぜんかいふく,てんのめぐみ,いやしのこころ,9,255,10,10,75,135,55
220.0,0243-000,243,0,ライコウ,,ライコウ,pm0243_00_00_00.png,いかずちポケモン,178.0,1.9,でんき,,プレッシャー,せいしんりょく,,9,90,85,75,115,100,115
221.0,0244-000,244,0,エンテイ,,エンテイ,pm0244_00_00_00.png,かざんポケモン,198.0,2.1,ほのお,,プレッシャー,せいしんりょく,,9,115,115,85,90,75,100
222.0,0245-000,245,0,スイクン,,スイクン,pm0245_00_00_00.png,オーロラポケモン,187.0,2.0,みず,,プレッシャー,せいしんりょく,,9,100,75,115,90,115,85
223.0,0246-000,246,0,ヨーギラス,,ヨーギラス,pm0246_00_00_00.png,いわはだポケモン,72.0,0.6,いわ,じめん,こんじょう,すながくれ,,9,50,64,50,45,50,41
224.0,0247-000,247,0,サナギラス,,サナギラス,pm0247_00_00_00.png,だんがんポケモン,152.0,1.2,いわ,じめん,だっぴ,,,9,70,84,70,65,70,51
225.0,0248-000,248,0,バンギラス,,バンギラス,pm0248_00_00_00.png,よろいポケモン,202.0,2.0,いわ,あく,すなおこし,きんちょうかん,,9,100,134,110,95,100,61
,0248-001,248,1,バンギラス,メガバンギラス,メガバンギラス,,よろいポケモン,255.0,2.5,いわ,あく,すなおこし,きんちょうかん,,7,100,134,110,95,100,61
226.0,0249-000,249,0,ルギア,,ルギア,pm0249_00_00_00.png,せんすいポケモン,216.0,5.2,エスパー,ひこう,プレッシャー,マルチスケイル,,9,106,90,130,90,154,110
227.0,0250-000,250,0,ホウオウ,,ホウオウ,pm0250_00_00_00.png,にじいろポケモン,199.0,3.8,ほのお,ひこう,プレッシャー,さいせいりょく,,9,106,130,90,110,154,90
,0251-000,251,0,セレビィ,,セレビィ,,ときわたりポケモン,5.0,0.6,エスパー,くさ,しぜんかいふく,,,8,100,100,100,100,100,100
228.0,0252-000,252,0,キモリ,,キモリ,pm0252_00_00_00.png,もりトカゲポケモン,5.0,0.5,くさ,,しんりょく,かるわざ,,9,40,45,35,65,55,70
229.0,0253-000,253,0,ジュプトル,,ジュプトル,pm0253_00_00_00.png,もりトカゲポケモン,21.6,0.9,くさ,,しんりょく,かるわざ,,9,50,65,45,85,65,95
230.0,0254-000,254,0,ジュカイン,,ジュカイン,pm0254_00_00_00.png,みつりんポケモン,52.2,1.7,くさ,,しんりょく,かるわざ,,9,70,85,65,105,85,120
,0254-001,254,1,ジュカイン,メガジュカイン,メガジュカイン,,みつりんポケモン,55.2,1.9,くさ,ドラゴン,ひらいしん,かるわざ,,7,70,85,65,105,85,120
231.0,0255-000,255,0,アチャモ,,アチャモ,pm0255_00_00_00.png,ひよこポケモン,2.5,0.4,ほのお,,もうか,かそく,,9,45,60,40,70,50,45
232.0,0256-000,256,0,ワカシャモ,,ワカシャモ,pm0256_00_00_00.png,わかどりポケモン,19.5,0.9,ほのお,かくとう,もうか,かそく,,9,60,85,60,85,60,55
234.0,0257-000,257,0,バシャーモ,,バシャーモ,pm0257_00_00_00.png,もうかポケモン,52.0,1.9,ほのお,かくとう,もうか,かそく,,9,80,120,70,110,70,80
,0257-001,257,1,バシャーモ,メガバシャーモ,メガバシャーモ,,もうかポケモン,52.0,1.9,ほのお,かくとう,かそく,もうか,,7,80,120,70,110,70,80
235.0,0258-000,258,0,ミズゴロウ,,ミズゴロウ,pm0258_00_00_00.png,ぬまうおポケモン,7.6,0.4,みず,,げきりゅう,しめりけ,,9,50,70,50,50,50,40
236.0,0259-000,259,0,ヌマクロー,,ヌマクロー,pm0259_00_00_00.png,ぬまうおポケモン,28.0,0.7,みず,じめん,げきりゅう,しめりけ,,9,70,85,70,60,70,50
237.0,0260-000,260,0,ラグラージ,,ラグラージ,pm0260_00_00_00.png,ぬまうおポケモン,81.9,1.5,みず,じめん,げきりゅう,しめりけ,,9,100,110,90,85,90,60
,0260-001,260,1,ラグラージ,メガラグラージ,メガラグラージ,,ぬまうおポケモン,102.0,1.9,みず,じめん,すいすい,しめりけ,,7,100,110,90,85,90,60
238.0,0261-000,261,0,ポチエナ,,ポチエナ,pm0261_00_00_00.png,かみつきポケモン,13.6,0.5,あく,,にげあし,はやあし,びびり,9,35,55,35,30,30,35
239.0,0262-000,262,0,グラエナ,,グラエナ,pm0262_00_00_00.png,かみつきポケモン,37.0,1.0,あく,,いかく,はやあし,じしんかじょう,9,70,90,70,60,60,70
,0263-000,263,0,ジグザグマ,,ジグザグマ,,まめだぬきポケモン,17.5,0.4,ノーマル,,ものひろい,くいしんぼう,はやあし,8,38,30,41,30,41,60
,0263-001,263,1,ジグザグマ,ガラルのすがた,ジグザグマ(ガラル),,まめだぬきポケモン,17.5,0.4,あく,ノーマル,ものひろい,くいしんぼう,はやあし,8,38,30,41,30,41,60
,0264-000,264,0,マッスグマ,,マッスグマ,,とっしんポケモン,32.5,0.5,ノーマル,,ものひろい,くいしんぼう,はやあし,8,78,70,61,50,61,100
,0264-001,264,1,マッスグマ,ガラルのすがた,マッスグマ(ガラル),,とっしんポケモン,32.5,0.5,あく,ノーマル,ものひろい,くいしんぼう,はやあし,8,78,70,61,50,61,100
,0265-000,265,0,ケムッソ,,ケムッソ,,いもむしポケモン,3.6,0.3,むし,,りんぷん,にげあし,,8,45,45,35,20,30,20
,0266-000,266,0,カラサリス,,カラサリス,,さなぎポケモン,10.0,0.6,むし,,だっぴ,,,8,50,35,55,25,25,15
,0267-000,267,0,アゲハント,,アゲハント,,ちょうちょポケモン,28.4,1.0,むし,ひこう,むしのしらせ,とうそうしん,,8,60,70,50,100,50,65
,0268-000,268,0,マユルド,,マユルド,,さなぎポケモン,11.5,0.7,むし,,だっぴ,,,8,50,35,55,25,25,15
,0269-000,269,0,ドクケイル,,ドクケイル,,どくがポケモン,31.6,1.2,むし,どく,りんぷん,ふくがん,,8,60,50,70,50,90,65
240.0,0270-000,270,0,ハスボー,,ハスボー,pm0270_00_00_00.png,うきくさポケモン,2.6,0.5,みず,くさ,すいすい,あめうけざら,マイペース,9,40,30,30,40,50,30
241.0,0271-000,271,0,ハスブレロ,,ハスブレロ,pm0271_00_00_00.png,ようきポケモン,32.5,1.2,みず,くさ,すいすい,あめうけざら,マイペース,9,60,50,50,60,70,50
242.0,0272-000,272,0,ルンパッパ,,ルンパッパ,pm0272_00_00_00.png,のうてんきポケモン,55.0,1.5,みず,くさ,すいすい,あめうけざら,マイペース,9,80,70,70,90,100,70
243.0,0273-000,273,0,タネボー,,タネボー,pm0273_00_00_00.png,どんぐりポケモン,4.0,0.5,くさ,,ようりょくそ,はやおき,わるいてぐせ,9,40,40,50,30,30,30
245.0,0274-000,274,0,コノハナ,,コノハナ,pm0274_00_00_00.png,いじわるポケモン,28.0,1.0,くさ,あく,ようりょくそ,はやおき,わるいてぐせ,9,70,70,40,60,40,60
246.0,0275-000,275,0,ダーテング,,ダーテング,pm0275_00_00_00.png,よこしまポケモン,59.6,1.3,くさ,あく,ようりょくそ,かぜのり,わるいてぐせ,9,90,100,60,90,60,80
,0276-000,276,0,スバメ,,スバメ,,こツバメポケモン,2.3,0.3,ノーマル,ひこう,こんじょう,きもったま,,8,40,55,30,30,30,85
,0277-000,277,0,オオスバメ,,オオスバメ,,ツバメポケモン,19.8,0.7,ノーマル,ひこう,こんじょう,きもったま,,8,60,85,60,75,50,125
247.0,0278-000,278,0,キャモメ,,キャモメ,pm0278_00_00_00.png,うみねこポケモン,9.5,0.6,みず,ひこう,するどいめ,うるおいボディ,あめうけざら,9,40,30,30,55,30,85
248.0,0279-000,279,0,ペリッパー,,ペリッパー,pm0279_00_00_00.png,みずどりポケモン,28.0,1.2,みず,ひこう,するどいめ,あめふらし,あめうけざら,9,60,50,100,95,70,65
249.0,0280-000,280,0,ラルトス,,ラルトス,pm0280_00_00_00.png,きもちポケモン,6.6,0.4,エスパー,フェアリー,シンクロ,トレース,テレパシー,9,28,25,25,45,35,40
250.0,0281-000,281,0,キルリア,,キルリア,pm0281_00_00_00.png,かんじょうポケモン,20.2,0.8,エスパー,フェアリー,シンクロ,トレース,テレパシー,9,38,35,35,65,55,50
251.0,0282-000,282,0,サーナイト,,サーナイト,pm0282_00_00_00.png,ほうようポケモン,48.4,1.6,エスパー,フェアリー,シンクロ,トレース,テレパシー,9,68,65,65,125,115,80
,0282-001,282,1,サーナイト,メガサーナイト,メガサーナイト,,ほうようポケモン,48.4,1.6,エスパー,フェアリー,フェアリースキン,テレパシー,,7,68,65,65,125,115,80
252.0,0283-000,283,0,アメタマ,,アメタマ,pm0283_00_00_00.png,あめんぼポケモン,1.7,0.5,むし,みず,すいすい,あめうけざら,,9,40,30,32,50,52,65
253.0,0284-000,284,0,アメモース,,アメモース,pm0284_00_00_00.png,めだまポケモン,3.6,0.8,むし,ひこう,いかく,きんちょうかん,,9,70,60,62,100,82,80
254.0,0285-000,285,0,キノココ,,キノココ,pm0285_00_00_00.png,きのこポケモン,4.5,0.4,くさ,,ほうし,ポイズンヒール,はやあし,9,60,40,60,40,60,35
255.0,0286-000,286,0,キノガッサ,,キノガッサ,pm0286_00_00_00.png,きのこポケモン,39.2,1.2,くさ,かくとう,ほうし,ポイズンヒール,テクニシャン,9,60,130,80,60,60,70
256.0,0287-000,287,0,ナマケロ,,ナマケロ,pm0287_00_00_00.png,なまけものポケモン,24.0,0.8,ノーマル,,なまけ,,,9,60,60,60,35,35,30
257.0,0288-000,288,0,ヤルキモノ,,ヤルキモノ,pm0288_00_00_00.png,あばれザルポケモン,46.5,1.4,ノーマル,,やるき,,,9,80,80,80,55,55,90
258.0,0289-000,289,0,ケッキング,,ケッキング,pm0289_00_00_00.png,ものぐさポケモン,130.5,2.0,ノーマル,,なまけ,,,9,150,160,100,95,65,100
,0290-000,290,0,ツチニン,,ツチニン,,したづみポケモン,5.5,0.5,むし,じめん,ふくがん,にげあし,,8,31,45,90,30,30,40
,0291-000,291,0,テッカニン,,テッカニン,,しのびポケモン,12.0,0.8,むし,ひこう,かそく,すりぬけ,,8,61,90,45,50,50,160
,0292-000,292,0,ヌケニン,,ヌケニン,,ぬけがらポケモン,1.2,0.8,むし,ゴースト,ふしぎなまもり,,,8,1,90,45,30,30,40
,0293-000,293,0,ゴニョニョ,,ゴニョニョ,,ささやきポケモン,16.3,0.6,ノーマル,,ぼうおん,びびり,,8,64,51,23,51,23,28
,0294-000,294,0,ドゴーム,,ドゴーム,,おおごえポケモン,40.5,1.0,ノーマル,,ぼうおん,きもったま,,8,84,71,43,71,43,48
,0295-000,295,0,バクオング,,バクオング,,そうおんポケモン,84.0,1.5,ノーマル,,ぼうおん,きもったま,,8,104,91,63,91,73,68
259.0,0296-000,296,0,マクノシタ,,マクノシタ,pm0296_00_00_00.png,こんじょうポケモン,86.4,1.0,かくとう,,あついしぼう,こんじょう,ちからずく,9,72,60,30,20,30,25
260.0,0297-000,297,0,ハリテヤマ,,ハリテヤマ,pm0297_00_00_00.png,つっぱりポケモン,253.8,2.3,かくとう,,あついしぼう,こんじょう,ちからずく,9,144,120,60,40,60,50
261.0,0298-000,298,0,ルリリ,,ルリリ,pm0298_00_00_00.png,みずたまポケモン,2.0,0.2,ノーマル,フェアリー,あついしぼう,ちからもち,そうしょく,9,50,20,40,20,40,20
262.0,0299-000,299,0,ノズパス,,ノズパス,pm0299_00_00_00.png,コンパスポケモン,97.0,1.0,いわ,,がんじょう,じりょく,すなのちから,9,30,45,135,45,90,30
,0300-000,300,0,エネコ,,エネコ,,こねこポケモン,11.0,0.6,ノーマル,,メロメロボディ,ノーマルスキン,ミラクルスキン,8,50,45,45,35,35,50
,0301-000,301,0,エネコロロ,,エネコロロ,,おすましポケモン,32.6,1.1,ノーマル,,メロメロボディ,ノーマルスキン,ミラクルスキン,8,70,65,65,55,55,90
263.0,0302-000,302,0,ヤミラミ,,ヤミラミ,pm0302_00_00_00.png,くらやみポケモン,11.0,0.5,あく,ゴースト,するどいめ,あとだし,いたずらごころ,9,50,75,75,65,65,50
,0302-001,302,1,ヤミラミ,メガヤミラミ,メガヤミラミ,,くらやみポケモン,161.0,0.5,あく,ゴースト,マジックミラー,いたずらごころ,,7,50,75,75,65,65,50
,0303-000,303,0,クチート,,クチート,,あざむきポケモン,11.5,0.6,はがね,フェアリー,かいりきバサミ,いかく,ちからずく,8,50,85,85,55,55,50
,0303-001,303,1,クチート,メガクチート,メガクチート,,あざむきポケモン,23.5,1.0,はがね,フェアリー,ちからもち,ちからずく,,7,50,85,85,55,55,50
,0304-000,304,0,ココドラ,,ココドラ,,てつヨロイポケモン,60.0,0.4,はがね,いわ,がんじょう,いしあたま,ヘヴィメタル,8,50,70,100,40,40,30
,0305-000,305,0,コドラ,,コドラ,,てつヨロイポケモン,120.0,0.9,はがね,いわ,がんじょう,いしあたま,ヘヴィメタル,8,60,90,140,50,50,40
,0306-000,306,0,ボスゴドラ,,ボスゴドラ,,てつヨロイポケモン,360.0,2.1,はがね,いわ,がんじょう,いしあたま,ヘヴィメタル,8,70,110,180,60,60,50
,0306-001,306,1,ボスゴドラ,メガボスゴドラ,メガボスゴドラ,,てつヨロイポケモン,395.0,2.2,はがね,,フィルター,ヘヴィメタル,,7,70,110,180,60,60,50
264.0,0307-000,307,0,アサナン,,アサナン,pm0307_00_00_00.png,めいそうポケモン,11.2,0.6,かくとう,エスパー,ヨガパワー,テレパシー,,9,30,40,55,40,55,60
266.0,0308-000,308,0,チャーレム,,チャーレム,pm0308_00_00_00.png,めいそうポケモン,31.5,1.3,かくとう,エスパー,ヨガパワー,テレパシー,,9,60,60,75,60,75,80
,0308-001,308,1,チャーレム,メガチャーレム,メガチャーレム,,めいそうポケモン,31.5,1.3,かくとう,エスパー,ヨガパワー,テレパシー,,7,60,60,75,60,75,80
,0309-000,309,0,ラクライ,,ラクライ,,いなずまポケモン,15.2,0.6,でんき,,せいでんき,ひらいしん,マイナス,8,40,45,40,65,40,65
,0310-000,310,0,ライボルト,,ライボルト,,ほうでんポケモン,40.2,1.5,でんき,,せいでんき,ひらいしん,マイナス,8,70,75,60,105,60,105
,0310-001,310,1,ライボルト,メガライボルト,メガライボルト,,ほうでんポケモン,44.0,1.8,でんき,,いかく,マイナス,,7,70,75,60,105,60,105
267.0,0311-000,311,0,プラスル,,プラスル,pm0311_00_00_00.png,おうえんポケモン,4.2,0.4,でんき,,プラス,ひらいしん,,9,60,50,40,85,75,95
268.0,0312-000,312,0,マイナン,,マイナン,pm0312_00_00_00.png,おうえんポケモン,4.2,0.4,でんき,,マイナス,ちくでん,,9,60,40,50,75,85,95
269.0,0313-000,313,0,バルビート,,バルビート,pm0313_00_00_00.png,ほたるポケモン,17.7,0.7,むし,,はっこう,むしのしらせ,いたずらごころ,9,65,73,75,47,85,85
270.0,0314-000,314,0,イルミーゼ,,イルミーゼ,pm0314_00_00_00.png,ほたるポケモン,17.7,0.6,むし,,どんかん,いろめがね,いたずらごころ,9,65,47,75,73,85,85
,0315-000,315,0,ロゼリア,,ロゼリア,,いばらポケモン,2.0,0.3,くさ,どく,しぜんかいふく,どくのトゲ,リーフガード,8,50,60,45,100,80,65
271.0,0316-000,316,0,ゴクリン,,ゴクリン,pm0316_00_00_00.png,いぶくろポケモン,10.3,0.4,どく,,ヘドロえき,ねんちゃく,くいしんぼう,9,70,43,53,43,53,40
272.0,0317-000,317,0,マルノーム,,マルノーム,pm0317_00_00_00.png,どくぶくろポケモン,80.0,1.7,どく,,ヘドロえき,ねんちゃく,くいしんぼう,9,100,73,83,73,83,55
,0318-000,318,0,キバニア,,キバニア,,どうもうポケモン,20.8,0.8,みず,あく,さめはだ,かそく,,8,45,90,20,65,20,65
,0319-000,319,0,サメハダー,,サメハダー,,きょうぼうポケモン,88.8,1.8,みず,あく,さめはだ,かそく,,8,70,120,40,95,40,95
,0319-001,319,1,サメハダー,メガサメハダー,メガサメハダー,,きょうぼうポケモン,130.3,2.5,みず,あく,がんじょうあご,かそく,,7,70,120,40,95,40,95
,0320-000,320,0,ホエルコ,,ホエルコ,,たまくじらポケモン,130.0,2.0,みず,,みずのベール,どんかん,プレッシャー,8,130,70,35,70,35,60
,0321-000,321,0,ホエルオー,,ホエルオー,,うきくじらポケモン,398.0,14.5,みず,,みずのベール,どんかん,プレッシャー,8,170,90,45,90,45,60
273.0,0322-000,322,0,ドンメル,,ドンメル,pm0322_00_00_00.png,どんかんポケモン,24.0,0.7,ほのお,じめん,どんかん,たんじゅん,マイペース,9,60,60,40,65,45,35
274.0,0323-000,323,0,バクーダ,,バクーダ,pm0323_00_00_00.png,ふんかポケモン,220.0,1.9,ほのお,じめん,マグマのよろい,ハードロック,いかりのつぼ,9,70,100,70,105,75,40
,0323-001,323,1,バクーダ,メガバクーダ,メガバクーダ,,ふんかポケモン,320.5,2.5,ほのお,じめん,ちからずく,いかりのつぼ,,7,70,100,70,105,75,40
275.0,0324-000,324,0,コータス,,コータス,pm0324_00_00_00.png,せきたんポケモン,80.4,0.5,ほのお,,しろいけむり,ひでり,シェルアーマー,9,70,85,140,85,70,20
276.0,0325-000,325,0,バネブー,,バネブー,pm0325_00_00_00.png,とびはねポケモン,30.6,0.7,エスパー,,あついしぼう,マイペース,くいしんぼう,9,60,25,35,70,80,60
277.0,0326-000,326,0,ブーピッグ,,ブーピッグ,pm0326_00_00_00.png,あやつりポケモン,71.5,0.9,エスパー,,あついしぼう,マイペース,くいしんぼう,9,80,45,65,90,110,80
,0327-000,327,0,パッチール,,パッチール,,ぶちパンダポケモン,5.0,1.1,ノーマル,,マイペース,ちどりあし,あまのじゃく,8,60,60,60,60,60,60
278.0,0328-000,328,0,ナックラー,,ナックラー,pm0328_00_00_00.png,ありじごくポケモン,15.0,0.7,じめん,,かいりきバサミ,ありじごく,ちからずく,9,45,100,45,45,45,10
279.0,0329-000,329,0,ビブラーバ,,ビブラーバ,pm0329_00_00_00.png,しんどうポケモン,15.3,1.1,じめん,ドラゴン,ふゆう,,,9,50,70,50,50,50,70
280.0,0330-000,330,0,フライゴン,,フライゴン,pm0330_00_00_00.png,せいれいポケモン,82.0,2.0,じめん,ドラゴン,ふゆう,,,9,80,100,80,80,80,100
281.0,0331-000,331,0,サボネア,,サボネア,pm0331_00_00_00.png,サボテンポケモン,51.3,0.4,くさ,,すながくれ,ちょすい,,9,50,85,40,85,40,35
282.0,0332-000,332,0,ノクタス,,ノクタス,pm0332_00_00_00.png,カカシぐさポケモン,77.4,1.3,くさ,あく,すながくれ,ちょすい,,9,70,115,60,115,60,55
283.0,0333-000,333,0,チルット,,チルット,pm0333_00_00_00.png,わたどりポケモン,1.2,0.4,ノーマル,ひこう,しぜんかいふく,ノーてんき,,9,45,40,60,40,75,50
284.0,0334-000,334,0,チルタリス,,チルタリス,pm0334_00_00_00.png,ハミングポケモン,20.6,1.1,ドラゴン,ひこう,しぜんかいふく,ノーてんき,,9,75,70,90,70,105,80
,0334-001,334,1,チルタリス,メガチルタリス,メガチルタリス,,ハミングポケモン,20.6,1.5,ドラゴン,フェアリー,フェアリースキン,ノーてんき,,7,75,70,90,70,105,80
285.0,0335-000,335,0,ザングース,,ザングース,pm0335_00_00_00.png,ネコイタチポケモン,40.3,1.3,ノーマル,,めんえき,どくぼうそう,,9,73,115,60,60,60,90
286.0,0336-000,336,0,ハブネーク,,ハブネーク,pm0336_00_00_00.png,キバへびポケモン,52.5,2.7,どく,,だっぴ,すりぬけ,,9,73,100,60,100,60,65
,0337-000,337,0,ルナトーン,,ルナトーン,,いんせきポケモン,168.0,1.0,いわ,エスパー,ふゆう,,,8,90,55,65,95,85,70
,0338-000,338,0,ソルロック,,ソルロック,,いんせきポケモン,154.0,1.2,いわ,エスパー,ふゆう,,,8,90,95,85,55,65,70
287.0,0339-000,339,0,ドジョッチ,,ドジョッチ,pm0339_00_00_00.png,ひげうおポケモン,1.9,0.4,みず,じめん,どんかん,きけんよち,うるおいボディ,9,50,48,43,46,41,60
288.0,0340-000,340,0,ナマズン,,ナマズン,pm0340_00_00_00.png,ひげうおポケモン,23.6,0.9,みず,じめん,どんかん,きけんよち,うるおいボディ,9,110,78,73,76,71,60
289.0,0341-000,341,0,ヘイガニ,,ヘイガニ,pm0341_00_00_00.png,ごろつきポケモン,11.5,0.6,みず,,かいりきバサミ,シェルアーマー,てきおうりょく,9,43,80,65,50,35,35
290.0,0342-000,342,0,シザリガー,,シザリガー,pm0342_00_00_00.png,ならずものポケモン,32.8,1.1,みず,あく,かいりきバサミ,シェルアーマー,てきおうりょく,9,63,120,85,90,55,55
,0343-000,343,0,ヤジロン,,ヤジロン,,どぐうポケモン,21.5,0.5,じめん,エスパー,ふゆう,,,8,40,40,55,40,70,55
,0344-000,344,0,ネンドール,,ネンドール,,どぐうポケモン,108.0,1.5,じめん,エスパー,ふゆう,,,8,60,70,105,70,120,75
,0345-000,345,0,リリーラ,,リリーラ,,ウミユリポケモン,23.8,1.0,いわ,くさ,きゅうばん,よびみず,,8,66,41,77,61,87,23
,0346-000,346,0,ユレイドル,,ユレイドル,,いわつぼポケモン,60.4,1.5,いわ,くさ,きゅうばん,よびみず,,8,86,81,97,81,107,43
,0347-000,347,0,アノプス,,アノプス,,むかしエビポケモン,12.5,0.7,いわ,むし,カブトアーマー,すいすい,,8,45,95,50,40,50,75
,0348-000,348,0,アーマルド,,アーマルド,,かっちゅうポケモン,68.2,1.5,いわ,むし,カブトアーマー,すいすい,,8,75,125,100,70,80,45
291.0,0349-000,349,0,ヒンバス,,ヒンバス,pm0349_00_00_00.png,さかなポケモン,7.4,0.6,みず,,すいすい,どんかん,てきおうりょく,9,20,15,20,10,55,80
292.0,0350-000,350,0,ミロカロス,,ミロカロス,pm0350_00_00_00.png,いつくしみポケモン,162.0,6.2,みず,,ふしぎなうろこ,かちき,メロメロボディ,9,95,60,79,100,125,81
,0351-000,351,0,ポワルン,ポワルンのすがた,ポワルン,,てんきポケモン,0.8,0.3,ノーマル,,てんきや,,,8,70,70,70,70,70,70
,0352-000,352,0,カクレオン,,カクレオン,,いろへんげポケモン,22.0,1.0,ノーマル,,へんしょく,へんげんじざい,,8,60,90,70,60,120,40
293.0,0353-000,353,0,カゲボウズ,,カゲボウズ,pm0353_00_00_00.png,にんぎょうポケモン,2.3,0.6,ゴースト,,ふみん,おみとおし,のろわれボディ,9,44,75,35,63,33,45
294.0,0354-000,354,0,ジュペッタ,,ジュペッタ,pm0354_00_00_00.png,ぬいぐるみポケモン,12.5,1.1,ゴースト,,ふみん,おみとおし,のろわれボディ,9,64,115,65,83,63,65
,0354-001,354,1,ジュペッタ,メガジュペッタ,メガジュペッタ,,ぬいぐるみポケモン,13.0,1.2,ゴースト,,いたずらごころ,のろわれボディ,,7,64,115,65,83,63,65
295.0,0355-000,355,0,ヨマワル,,ヨマワル,pm0355_00_00_00.png,おむかえポケモン,15.0,0.8,ゴースト,,ふゆう,おみとおし,,9,20,40,90,30,90,25
296.0,0356-000,356,0,サマヨール,,サマヨール,pm0356_00_00_00.png,てまねきポケモン,30.6,1.6,ゴースト,,プレッシャー,おみとおし,,9,40,70,130,60,130,25
297.0,0357-000,357,0,トロピウス,,トロピウス,pm0357_00_00_00.png,フルーツポケモン,100.0,2.0,くさ,ひこう,ようりょくそ,サンパワー,しゅうかく,9,99,68,83,72,87,51
298.0,0358-000,358,0,チリーン,,チリーン,pm0358_00_00_00.png,ふうりんポケモン,1.0,0.6,エスパー,,ふゆう,,,9,75,50,80,95,90,65
,0359-000,359,0,アブソル,,アブソル,,わざわいポケモン,47.0,1.2,あく,,プレッシャー,きょううん,せいぎのこころ,8,65,130,60,75,60,75
,0359-001,359,1,アブソル,メガアブソル,メガアブソル,,わざわいポケモン,49.0,1.2,あく,,マジックミラー,せいぎのこころ,,7,65,130,60,75,60,75
,0360-000,360,0,ソーナノ,,ソーナノ,,ほがらかポケモン,14.0,0.6,エスパー,,かげふみ,テレパシー,,8,95,23,48,23,48,23
299.0,0361-000,361,0,ユキワラシ,,ユキワラシ,pm0361_00_00_00.png,ゆきかさポケモン,16.8,0.7,こおり,,せいしんりょく,アイスボディ,ムラっけ,9,50,50,50,50,50,50
300.0,0362-000,362,0,オニゴーリ,,オニゴーリ,pm0362_00_00_00.png,がんめんポケモン,256.5,1.5,こおり,,せいしんりょく,アイスボディ,ムラっけ,9,80,80,80,80,80,80
,0362-001,362,1,オニゴーリ,メガオニゴーリ,メガオニゴーリ,,がんめんポケモン,350.2,2.1,こおり,,フリーズスキン,ムラっけ,,7,80,80,80,80,80,80
,0363-000,363,0,タマザラシ,,タマザラシ,,てたたきポケモン,39.5,0.8,こおり,みず,あついしぼう,アイスボディ,どんかん,8,70,40,50,55,50,25
,0364-000,364,0,トドグラー,,トドグラー,,たままわしポケモン,87.6,1.1,こおり,みず,あついしぼう,アイスボディ,どんかん,8,90,60,70,75,70,45
,0365-000,365,0,トドゼルガ,,トドゼルガ,,こおりわりポケモン,150.6,1.4,こおり,みず,あついしぼう,アイスボディ,どんかん,8,110,80,90,95,90,65
,0366-000,366,0,パールル,,パールル,,２まいがいポケモン,52.5,0.4,みず,,シェルアーマー,びびり,,8,35,64,85,74,55,32
,0367-000,367,0,ハンテール,,ハンテール,,しんかいポケモン,27.0,1.7,みず,,すいすい,みずのベール,,8,55,104,105,94,75,52
,0368-000,368,0,サクラビス,,サクラビス,,なんかいポケモン,22.6,1.8,みず,,すいすい,うるおいボディ,,8,55,84,105,114,75,52
,0369-000,369,0,ジーランス,,ジーランス,,ちょうじゅポケモン,23.4,1.0,みず,いわ,すいすい,いしあたま,がんじょう,8,100,90,130,45,65,55
301.0,0370-000,370,0,ラブカス,,ラブカス,pm0370_00_00_00.png,ランデブーポケモン,8.7,0.6,みず,,すいすい,うるおいボディ,,9,43,30,55,40,65,97
302.0,0371-000,371,0,タツベイ,,タツベイ,pm0371_00_00_00.png,いしあたまポケモン,42.1,0.6,ドラゴン,,いしあたま,ちからずく,,9,45,75,60,40,30,50
303.0,0372-000,372,0,コモルー,,コモルー,pm0372_00_00_00.png,にんたいポケモン,110.5,1.1,ドラゴン,,いしあたま,ぼうじん,,9,65,95,100,60,50,50
304.0,0373-000,373,0,ボーマンダ,,ボーマンダ,pm0373_00_00_00.png,ドラゴンポケモン,102.6,1.5,ドラゴン,ひこう,いかく,じしんかじょう,,9,95,135,80,110,80,100
,0373-001,373,1,ボーマンダ,メガボーマンダ,メガボーマンダ,,ドラゴンポケモン,112.6,1.8,ドラゴン,ひこう,スカイスキン,じしんかじょう,,7,95,135,80,110,80,100
305.0,0374-000,374,0,ダンバル,,ダンバル,pm0374_00_00_00.png,てっきゅうポケモン,95.2,0.6,はがね,エスパー,クリアボディ,ライトメタル,,9,40,55,80,35,60,30
306.0,0375-000,375,0,メタング,,メタング,pm0375_00_00_00.png,てつツメポケモン,202.5,1.2,はがね,エスパー,クリアボディ,ライトメタル,,9,60,75,100,55,80,50
307.0,0376-000,376,0,メタグロス,,メタグロス,pm0376_00_00_00.png,てつあしポケモン,550.0,1.6,はがね,エスパー,クリアボディ,ライトメタル,,9,80,135,130,95,90,70
,0376-001,376,1,メタグロス,メガメタグロス,メガメタグロス,,てつあしポケモン,942.9,2.5,はがね,エスパー,かたいツメ,ライトメタル,,7,80,135,130,95,90,70
308.0,0377-000,377,0,レジロック,,レジロック,pm0377_00_00_00.png,いわやまポケモン,230.0,1.7,いわ,,クリアボディ,がんじょう,,9,80,100,200,50,100,50
309.0,0378-000,378,0,レジアイス,,レジアイス,pm0378_00_00_00.png,ひょうざんポケモン,175.0,1.8,こおり,,クリアボディ,アイスボディ,,9,80,50,100,100,200,50
310.0,0379-000,379,0,レジスチル,,レジスチル,pm0379_00_00_00.png,くろがねポケモン,205.0,1.9,はがね,,クリアボディ,ライトメタル,,9,80,75,150,75,150,50
311.0,0380-000,380,0,ラティアス,,ラティアス,pm0380_00_00_00.png,むげんポケモン,40.0,1.4,ドラゴン,エスパー,ふゆう,,,9,80,80,90,110,130,110
,0380-001,380,1,ラティアス,メガラティアス,メガラティアス,,むげんポケモン,52.0,1.8,ドラゴン,エスパー,ふゆう,,,7,80,80,90,110,130,110
312.0,0381-000,381,0,ラティオス,,ラティオス,pm0381_00_00_00.png,むげんポケモン,60.0,2.0,ドラゴン,エスパー,ふゆう,,,9,80,90,80,130,110,110
,0381-001,381,1,ラティオス,メガラティオス,メガラティオス,,むげんポケモン,70.0,2.3,ドラゴン,エスパー,ふゆう,,,7,80,90,80,130,110,110
313.0,0382-000,382,0,カイオーガ,カイオーガのすがた,カイオーガ,pm0382_00_00_00.png,かいていポケモン,352.0,4.5,みず,,あめふらし,,,9,100,100,90,150,140,90
,0382-001,382,1,カイオーガ,ゲンシカイキのすがた,カイオーガ(ゲンシカイキ),,かいていポケモン,430.0,9.8,みず,,はじまりのうみ,あめふらし,,9,100,100,90,150,140,90
314.0,0383-000,383,0,グラードン,グラードンのすがた,グラードン,pm0383_00_00_00.png,たいりくポケモン,950.0,3.5,じめん,,ひでり,,,9,100,150,140,100,90,90
,0383-001,383,1,グラードン,ゲンシカイキのすがた,グラードン(ゲンシカイキ),,たいりくポケモン,999.7,5.0,じめん,ほのお,おわりのだいち,ひでり,,9,100,150,140,100,90,90
315.0,0384-000,384,0,レックウザ,,レックウザ,pm0384_00_00_00.png,てんくうポケモン,206.5,7.0,ドラゴン,ひこう,エアロック,,,9,105,150,90,150,90,95
,0384-001,384,1,レックウザ,メガレックウザ,メガレックウザ,,てんくうポケモン,392.0,10.8,ドラゴン,ひこう,デルタストリーム,エアロック,,7,105,150,90,150,90,95
316.0,0385-000,385,0,ジラーチ,,ジラーチ,pm0385_00_00_00.png,ねがいごとポケモン,1.1,0.3,はがね,エスパー,てんのめぐみ,,,9,100,100,100,100,100,100
317.0,0386-000,386,0,デオキシス,ノーマルフォルム,デオキシス(ノーマル),pm0386_11_00_00.png,ＤＮＡポケモン,60.8,1.7,エスパー,,プレッシャー,,,9,50,150,50,150,50,150
318.0,0386-001,386,1,デオキシス,アタックフォルム,デオキシス(アタック),pm0386_12_00_00.png,ＤＮＡポケモン,60.8,1.7,エスパー,,プレッシャー,,,9,50,180,20,180,20,150
319.0,0386-002,386,2,デオキシス,ディフェンスフォルム,デオキシス(ディフェンス),pm0386_13_00_00.png,ＤＮＡポケモン,60.8,1.7,エスパー,,プレッシャー,,,9,50,70,160,70,160,90
320.0,0386-003,386,3,デオキシス,スピードフォルム,デオキシス(スピード),pm0386_14_00_00.png,ＤＮＡポケモン,60.8,1.7,エスパー,,プレッシャー,,,9,50,95,90,95,90,180
321.0,0387-000,387,0,ナエトル,,ナエトル,pm0387_00_00_00.png,わかばポケモン,10.2,0.4,くさ,,しんりょく,シェルアーマー,,9,55,68,64,45,55,31
322.0,0388-000,388,0,ハヤシガメ,,ハヤシガメ,pm0388_00_00_00.png,こだちポケモン,97.0,1.1,くさ,,しんりょく,シェルアーマー,,9,75,89,85,55,65,36
323.0,0389-000,389,0,ドダイトス,,ドダイトス,pm0389_00_00_00.png,たいりくポケモン,310.0,2.2,くさ,じめん,しんりょく,シェルアーマー,,9,95,109,105,75,85,56
324.0,0390-000,390,0,ヒコザル,,ヒコザル,pm0390_00_00_00.png,こざるポケモン,6.2,0.5,ほのお,,もうか,てつのこぶし,,9,44,58,44,58,44,61
325.0,0391-000,391,0,モウカザル,,モウカザル,pm0391_00_00_00.png,やんちゃポケモン,22.0,0.9,ほのお,かくとう,もうか,てつのこぶし,,9,64,78,52,78,52,81
326.0,0392-000,392,0,ゴウカザル,,ゴウカザル,pm0392_00_00_00.png,かえんポケモン,55.0,1.2,ほのお,かくとう,もうか,てつのこぶし,,9,76,104,71,104,71,108
327.0,0393-000,393,0,ポッチャマ,,ポッチャマ,pm0393_00_00_00.png,ペンギンポケモン,5.2,0.4,みず,,げきりゅう,かちき,,9,53,51,53,61,56,40
328.0,0394-000,394,0,ポッタイシ,,ポッタイシ,pm0394_00_00_00.png,ペンギンポケモン,23.0,0.8,みず,,げきりゅう,かちき,,9,64,66,68,81,76,50
329.0,0395-000,395,0,エンペルト,,エンペルト,pm0395_00_00_00.png,こうていポケモン,84.5,1.7,みず,はがね,げきりゅう,かちき,,9,84,86,88,111,101,60
330.0,0396-000,396,0,ムックル,,ムックル,pm0396_00_00_00.png,むくどりポケモン,2.0,0.3,ノーマル,ひこう,するどいめ,すてみ,,9,40,55,30,30,30,60
331.0,0397-000,397,0,ムクバード,,ムクバード,pm0397_00_00_00.png,むくどりポケモン,15.5,0.6,ノーマル,ひこう,いかく,すてみ,,9,55,75,50,40,40,80
332.0,0398-000,398,0,ムクホーク,,ムクホーク,pm0398_00_00_00.png,もうきんポケモン,24.9,1.2,ノーマル,ひこう,いかく,すてみ,,9,85,120,70,50,60,100
,0399-000,399,0,ビッパ,,ビッパ,,まるねずみポケモン,20.0,0.5,ノーマル,,たんじゅん,てんねん,ムラっけ,8,59,45,40,35,40,31
,0400-000,400,0,ビーダル,,ビーダル,,ビーバーポケモン,31.5,1.0,ノーマル,みず,たんじゅん,てんねん,ムラっけ,8,79,85,60,55,60,71
333.0,0401-000,401,0,コロボーシ,,コロボーシ,pm0401_00_00_00.png,こおろぎポケモン,2.2,0.3,むし,,だっぴ,にげあし,,9,37,25,41,25,41,25
334.0,0402-000,402,0,コロトック,,コロトック,pm0402_00_00_00.png,こおろぎポケモン,25.5,1.0,むし,,むしのしらせ,テクニシャン,,9,77,85,51,55,51,65
335.0,0403-000,403,0,コリンク,,コリンク,pm0403_00_00_00.png,せんこうポケモン,9.5,0.5,でんき,,とうそうしん,いかく,こんじょう,9,45,65,34,40,34,45
336.0,0404-000,404,0,ルクシオ,,ルクシオ,pm0404_00_00_00.png,でんこうポケモン,30.5,0.9,でんき,,とうそうしん,いかく,こんじょう,9,60,85,49,60,49,60
337.0,0405-000,405,0,レントラー,,レントラー,pm0405_00_00_00.png,がんこうポケモン,42.0,1.4,でんき,,とうそうしん,いかく,こんじょう,9,80,120,79,95,79,70
,0406-000,406,0,スボミー,,スボミー,,つぼみポケモン,1.2,0.2,くさ,どく,しぜんかいふく,どくのトゲ,リーフガード,8,40,30,35,50,70,55
,0407-000,407,0,ロズレイド,,ロズレイド,,ブーケポケモン,14.5,0.9,くさ,どく,しぜんかいふく,どくのトゲ,テクニシャン,8,60,70,65,125,105,90
338.0,0408-000,408,0,ズガイドス,,ズガイドス,pm0408_00_00_00.png,ずつきポケモン,31.5,0.9,いわ,,かたやぶり,ちからずく,,9,67,125,40,30,30,58
339.0,0409-000,409,0,ラムパルド,,ラムパルド,pm0409_00_00_00.png,ずつきポケモン,102.5,1.6,いわ,,かたやぶり,ちからずく,,9,97,165,60,65,50,58
340.0,0410-000,410,0,タテトプス,,タテトプス,pm0410_00_00_00.png,シールドポケモン,57.0,0.5,いわ,はがね,がんじょう,ぼうおん,,9,30,42,118,42,88,30
341.0,0411-000,411,0,トリデプス,,トリデプス,pm0411_00_00_00.png,シールドポケモン,149.5,1.3,いわ,はがね,がんじょう,ぼうおん,,9,60,52,168,47,138,30
,0412-000,412,0,ミノムッチ,くさきのミノ,ミノムッチ(くさき),,みのむしポケモン,3.4,0.2,むし,,だっぴ,ぼうじん,,8,40,29,45,29,45,36
,0412-001,412,1,ミノムッチ,すなちのミノ,ミノムッチ(すなち),,みのむしポケモン,3.4,0.2,むし,,だっぴ,ぼうじん,,8,40,29,45,29,45,36
,0412-002,412,2,ミノムッチ,ゴミのミノ,ミノムッチ(ゴミ),,みのむしポケモン,3.4,0.2,むし,,だっぴ,ぼうじん,,8,40,29,45,29,45,36
,0413-000,413,0,ミノマダム,くさきのミノ,ミノマダム(くさき),,みのむしポケモン,6.5,0.5,むし,くさ,きけんよち,ぼうじん,,8,60,59,85,79,105,36
,0413-001,413,1,ミノマダム,すなちのミノ,ミノマダム(すなち),,みのむしポケモン,6.5,0.5,むし,じめん,きけんよち,ぼうじん,,8,60,79,105,59,85,36
,0413-002,413,2,ミノマダム,ゴミのミノ,ミノマダム(ゴミ),,みのむしポケモン,6.5,0.5,むし,はがね,きけんよち,ぼうじん,,8,60,69,95,69,95,36
,0414-000,414,0,ガーメイル,,ガーメイル,,ミノガポケモン,23.3,0.9,むし,ひこう,むしのしらせ,いろめがね,,8,70,94,50,94,50,66
342.0,0415-000,415,0,ミツハニー,,ミツハニー,pm0415_00_00_00.png,はちのこポケモン,5.5,0.3,むし,ひこう,みつあつめ,はりきり,,9,30,30,42,30,42,70
343.0,0416-000,416,0,ビークイン,,ビークイン,pm0416_00_00_00.png,はちのすポケモン,38.5,1.2,むし,ひこう,プレッシャー,きんちょうかん,,9,70,80,102,80,102,40
344.0,0417-000,417,0,パチリス,,パチリス,pm0417_00_00_00.png,でんきりすポケモン,3.9,0.4,でんき,,にげあし,ものひろい,ちくでん,9,60,45,70,45,90,95
345.0,0418-000,418,0,ブイゼル,,ブイゼル,pm0418_00_00_00.png,うみイタチポケモン,29.5,0.7,みず,,すいすい,みずのベール,,9,55,65,35,60,30,85
346.0,0419-000,419,0,フローゼル,,フローゼル,pm0419_00_00_00.png,うみイタチポケモン,33.5,1.1,みず,,すいすい,みずのベール,,9,85,105,55,85,50,115
,0420-000,420,0,チェリンボ,,チェリンボ,,さくらんぼポケモン,3.3,0.4,くさ,,ようりょくそ,,,8,45,35,45,62,53,35
,0421-000,421,0,チェリム,ネガフォルム,チェリム,,サクラポケモン,9.3,0.5,くさ,,フラワーギフト,,,8,70,60,70,87,78,85
347.0,0422-000,422,0,カラナクシ,にしのうみ,カラナクシ,pm0422_11_00_00.png,ウミウシポケモン,6.3,0.3,みず,,ねんちゃく,よびみず,すなのちから,6,76,48,48,57,62,34
348.0,0422-000,422,1,カラナクシ,ひがしのうみ,カラナクシ,pm0422_12_00_00.png,ウミウシポケモン,6.3,0.3,みず,,ねんちゃく,よびみず,すなのちから,6,76,48,48,57,62,34
349.0,0423-000,423,0,トリトドン,にしのうみ,トリトドン,pm0423_11_00_00.png,ウミウシポケモン,29.9,0.9,みず,じめん,ねんちゃく,よびみず,すなのちから,6,111,83,68,92,82,39
350.0,0423-000,423,1,トリトドン,ひがしのうみ,トリトドン,pm0423_12_00_00.png,ウミウシポケモン,29.9,0.9,みず,じめん,ねんちゃく,よびみず,すなのちから,6,111,83,68,92,82,39
351.0,0424-000,424,0,エテボース,,エテボース,pm0424_00_00_00.png,おながポケモン,20.3,1.2,ノーマル,,テクニシャン,ものひろい,スキルリンク,9,75,100,66,60,66,115
353.0,0425-000,425,0,フワンテ,,フワンテ,pm0425_00_00_00.png,ふうせんポケモン,1.2,0.4,ゴースト,ひこう,ゆうばく,かるわざ,ねつぼうそう,9,90,50,34,60,44,70
354.0,0426-000,426,0,フワライド,,フワライド,pm0426_00_00_00.png,ききゅうポケモン,15.0,1.2,ゴースト,ひこう,ゆうばく,かるわざ,ねつぼうそう,9,150,80,44,90,54,80
,0427-000,427,0,ミミロル,,ミミロル,,うさぎポケモン,5.5,0.4,ノーマル,,にげあし,ぶきよう,じゅうなん,8,55,66,44,44,56,85
,0428-000,428,0,ミミロップ,,ミミロップ,,うさぎポケモン,33.3,1.2,ノーマル,,メロメロボディ,ぶきよう,じゅうなん,8,65,76,84,54,96,105
,0428-001,428,1,ミミロップ,メガミミロップ,メガミミロップ,,うさぎポケモン,28.3,1.3,ノーマル,かくとう,きもったま,じゅうなん,,7,65,76,84,54,96,105
355.0,0429-000,429,0,ムウマージ,,ムウマージ,pm0429_00_00_00.png,マジカルポケモン,4.4,0.9,ゴースト,,ふゆう,,,9,60,60,60,105,105,105
356.0,0430-000,430,0,ドンカラス,,ドンカラス,pm0430_00_00_00.png,おおボスポケモン,27.3,0.9,あく,ひこう,ふみん,きょううん,じしんかじょう,9,100,125,52,105,52,71
,0431-000,431,0,ニャルマー,,ニャルマー,,ねこかぶりポケモン,3.9,0.5,ノーマル,,じゅうなん,マイペース,するどいめ,8,49,55,42,42,37,85
,0432-000,432,0,ブニャット,,ブニャット,,とらねこポケモン,43.8,1.0,ノーマル,,あついしぼう,マイペース,まけんき,8,71,82,64,64,59,112
357.0,0433-000,433,0,リーシャン,,リーシャン,pm0433_00_00_00.png,すずポケモン,0.6,0.2,エスパー,,ふゆう,,,9,45,30,50,65,50,45
358.0,0434-000,434,0,スカンプー,,スカンプー,pm0434_00_00_00.png,スカンクポケモン,19.2,0.4,どく,あく,あくしゅう,ゆうばく,するどいめ,9,63,63,47,41,41,74
359.0,0435-000,435,0,スカタンク,,スカタンク,pm0435_00_00_00.png,スカンクポケモン,38.0,1.0,どく,あく,あくしゅう,ゆうばく,するどいめ,9,103,93,67,71,61,84
360.0,0436-000,436,0,ドーミラー,,ドーミラー,pm0436_00_00_00.png,せいどうポケモン,60.5,0.5,はがね,エスパー,ふゆう,たいねつ,ヘヴィメタル,9,57,24,86,24,86,23
361.0,0437-000,437,0,ドータクン,,ドータクン,pm0437_00_00_00.png,どうたくポケモン,187.0,1.3,はがね,エスパー,ふゆう,たいねつ,ヘヴィメタル,9,67,89,116,79,116,33
362.0,0438-000,438,0,ウソハチ,,ウソハチ,pm0438_00_00_00.png,ぼんさいポケモン,15.0,0.5,いわ,,がんじょう,いしあたま,びびり,9,50,80,95,10,45,10
,0439-000,439,0,マネネ,,マネネ,,マイムポケモン,13.0,0.6,エスパー,フェアリー,ぼうおん,フィルター,テクニシャン,8,20,25,45,70,90,60
363.0,0440-000,440,0,ピンプク,,ピンプク,pm0440_00_00_00.png,ままごとポケモン,24.4,0.6,ノーマル,,しぜんかいふく,てんのめぐみ,フレンドガード,9,100,5,5,15,65,30
,0441-000,441,0,ペラップ,,ペラップ,,おんぷポケモン,1.9,0.5,ノーマル,ひこう,するどいめ,ちどりあし,はとむね,8,76,65,45,92,42,91
364.0,0442-000,442,0,ミカルゲ,,ミカルゲ,pm0442_00_00_00.png,ふういんポケモン,108.0,1.0,ゴースト,あく,プレッシャー,すりぬけ,,9,50,92,108,92,108,35
365.0,0443-000,443,0,フカマル,,フカマル,pm0443_00_00_00.png,りくザメポケモン,20.5,0.7,ドラゴン,じめん,すながくれ,さめはだ,,9,58,70,45,40,45,42
366.0,0444-000,444,0,ガバイト,,ガバイト,pm0444_00_00_00.png,ほらあなポケモン,56.0,1.4,ドラゴン,じめん,すながくれ,さめはだ,,9,68,90,65,50,55,82
368.0,0445-000,445,0,ガブリアス,,ガブリアス,pm0445_00_00_00.png,マッハポケモン,95.0,1.9,ドラゴン,じめん,すながくれ,さめはだ,,9,108,130,95,80,85,102
,0445-001,445,1,ガブリアス,メガガブリアス,メガガブリアス,,マッハポケモン,95.0,1.9,ドラゴン,じめん,すなのちから,さめはだ,,7,108,130,95,80,85,102
369.0,0446-000,446,0,ゴンベ,,ゴンベ,pm0446_00_00_00.png,おおぐいポケモン,105.0,0.6,ノーマル,,ものひろい,あついしぼう,くいしんぼう,9,135,85,40,40,85,5
370.0,0447-000,447,0,リオル,,リオル,pm0447_00_00_00.png,はもんポケモン,20.2,0.7,かくとう,,ふくつのこころ,せいしんりょく,いたずらごころ,9,40,70,40,35,40,60
371.0,0448-000,448,0,ルカリオ,,ルカリオ,pm0448_00_00_00.png,はどうポケモン,54.0,1.2,かくとう,はがね,ふくつのこころ,せいしんりょく,せいぎのこころ,9,70,110,70,115,70,90
,0448-001,448,1,ルカリオ,メガルカリオ,メガルカリオ,,はどうポケモン,57.5,1.3,かくとう,はがね,てきおうりょく,せいぎのこころ,,7,70,110,70,115,70,90
372.0,0449-000,449,0,ヒポポタス,,ヒポポタス,pm0449_00_00_00.png,カバポケモン,49.5,0.8,じめん,,すなおこし,すなのちから,,9,68,72,78,38,42,32
373.0,0450-000,450,0,カバルドン,,カバルドン,pm0450_00_00_00.png,じゅうりょうポケモン,300.0,2.0,じめん,,すなおこし,すなのちから,,9,108,112,118,68,72,47
,0451-000,451,0,スコルピ,,スコルピ,,さそりポケモン,12.0,0.8,どく,むし,カブトアーマー,スナイパー,するどいめ,8,40,50,90,30,55,65
,0452-000,452,0,ドラピオン,,ドラピオン,,ばけさそりポケモン,61.5,1.3,どく,あく,カブトアーマー,スナイパー,するどいめ,8,70,90,110,60,75,95
374.0,0453-000,453,0,グレッグル,,グレッグル,pm0453_00_00_00.png,どくづきポケモン,23.0,0.7,どく,かくとう,きけんよち,かんそうはだ,どくしゅ,9,48,61,40,61,40,50
375.0,0454-000,454,0,ドクロッグ,,ドクロッグ,pm0454_00_00_00.png,どくづきポケモン,44.4,1.3,どく,かくとう,きけんよち,かんそうはだ,どくしゅ,9,83,106,65,86,65,85
,0455-000,455,0,マスキッパ,,マスキッパ,,むしとりポケモン,27.0,1.4,くさ,,ふゆう,,,8,74,100,72,90,72,46
377.0,0456-000,456,0,ケイコウオ,,ケイコウオ,pm0456_00_00_00.png,はねうおポケモン,7.0,0.4,みず,,すいすい,よびみず,みずのベール,9,49,49,56,49,61,66
378.0,0457-000,457,0,ネオラント,,ネオラント,pm0457_00_00_00.png,ネオンポケモン,24.0,1.2,みず,,すいすい,よびみず,みずのベール,9,69,69,76,69,86,91
,0458-000,458,0,タマンタ,,タマンタ,,カイトポケモン,65.0,1.0,みず,ひこう,すいすい,ちょすい,みずのベール,8,45,20,50,60,120,50
380.0,0459-000,459,0,ユキカブリ,,ユキカブリ,pm0459_00_00_00.png,じゅひょうポケモン,50.5,1.0,くさ,こおり,ゆきふらし,ぼうおん,,9,60,62,50,62,60,40
381.0,0460-000,460,0,ユキノオー,,ユキノオー,pm0460_00_00_00.png,じゅひょうポケモン,135.5,2.2,くさ,こおり,ゆきふらし,ぼうおん,,9,90,92,75,92,85,60
,0460-001,460,1,ユキノオー,メガユキノオー,メガユキノオー,,じゅひょうポケモン,185.0,2.7,くさ,こおり,ゆきふらし,ぼうおん,,7,90,92,75,92,85,60
382.0,0461-000,461,0,マニューラ,,マニューラ,pm0461_00_00_00.png,かぎづめポケモン,34.0,1.1,あく,こおり,プレッシャー,わるいてぐせ,,9,70,120,65,45,85,125
383.0,0462-000,462,0,ジバコイル,,ジバコイル,pm0462_00_00_00.png,じばポケモン,180.0,1.2,でんき,はがね,じりょく,がんじょう,アナライズ,9,70,70,115,130,90,60
,0463-000,463,0,ベロベルト,,ベロベルト,,なめまわしポケモン,140.0,1.7,ノーマル,,マイペース,どんかん,ノーてんき,8,110,85,95,80,95,50
384.0,0464-000,464,0,ドサイドン,,ドサイドン,pm0464_00_00_00.png,ドリルポケモン,282.8,2.4,じめん,いわ,ひらいしん,ハードロック,すてみ,9,115,140,130,55,55,40
,0465-000,465,0,モジャンボ,,モジャンボ,,ツルじょうポケモン,128.6,2.0,くさ,,ようりょくそ,リーフガード,さいせいりょく,8,100,100,125,110,50,50
385.0,0466-000,466,0,エレキブル,,エレキブル,pm0466_00_00_00.png,らいでんポケモン,138.6,1.8,でんき,,でんきエンジン,やるき,,9,75,123,67,95,85,95
386.0,0467-000,467,0,ブーバーン,,ブーバーン,pm0467_00_00_00.png,ばくえんポケモン,68.0,1.6,ほのお,,ほのおのからだ,やるき,,9,75,95,67,125,95,83
,0468-000,468,0,トゲキッス,,トゲキッス,,しゅくふくポケモン,38.0,1.5,フェアリー,ひこう,はりきり,てんのめぐみ,きょううん,8,85,50,95,120,115,80
387.0,0469-000,469,0,メガヤンマ,,メガヤンマ,pm0469_00_00_00.png,オニトンボポケモン,51.5,1.9,むし,ひこう,かそく,いろめがね,おみとおし,9,86,76,86,116,56,95
388.0,0470-000,470,0,リーフィア,,リーフィア,pm0470_00_00_00.png,しんりょくポケモン,25.5,1.0,くさ,,リーフガード,ようりょくそ,,9,65,110,130,60,65,95
389.0,0471-000,471,0,グレイシア,,グレイシア,pm0471_00_00_00.png,しんせつポケモン,25.9,0.8,こおり,,ゆきがくれ,アイスボディ,,9,65,60,110,130,95,65
390.0,0472-000,472,0,グライオン,,グライオン,pm0472_00_00_00.png,キバさそりポケモン,42.5,2.0,じめん,ひこう,かいりきバサミ,すながくれ,ポイズンヒール,9,75,95,125,45,75,95
391.0,0473-000,473,0,マンムー,,マンムー,pm0473_00_00_00.png,２ほんキバポケモン,291.0,2.5,こおり,じめん,どんかん,ゆきがくれ,あついしぼう,9,110,130,80,70,60,80
392.0,0474-000,474,0,ポリゴンＺ,,ポリゴンＺ,pm0474_00_00_00.png,バーチャルポケモン,34.0,0.9,ノーマル,,てきおうりょく,ダウンロード,アナライズ,9,85,80,70,135,75,90
393.0,0475-000,475,0,エルレイド,,エルレイド,pm0475_00_00_00.png,やいばポケモン,52.0,1.6,エスパー,かくとう,ふくつのこころ,きれあじ,せいぎのこころ,9,68,125,65,65,115,80
,0475-001,475,1,エルレイド,メガエルレイド,メガエルレイド,,やいばポケモン,56.4,1.6,エスパー,かくとう,せいしんりょく,せいぎのこころ,,7,68,125,65,65,115,80
394.0,0476-000,476,0,ダイノーズ,,ダイノーズ,pm0476_00_00_00.png,コンパスポケモン,340.0,1.4,いわ,はがね,がんじょう,じりょく,すなのちから,9,60,55,145,75,150,40
395.0,0477-000,477,0,ヨノワール,,ヨノワール,pm0477_00_00_00.png,てづかみポケモン,106.6,2.2,ゴースト,,プレッシャー,おみとおし,,9,45,100,135,65,135,45
396.0,0478-000,478,0,ユキメノコ,,ユキメノコ,pm0478_00_00_00.png,ゆきぐにポケモン,26.6,1.3,こおり,ゴースト,ゆきがくれ,のろわれボディ,,9,70,80,70,80,70,110
397.0,0479-000,479,0,ロトム,ロトムのすがた,ロトム,pm0479_11_00_00.png,プラズマポケモン,0.3,0.3,でんき,ゴースト,ふゆう,,,9,50,50,77,95,77,91
398.0,0479-001,479,1,ロトム,ヒートロトム,ヒートロトム,pm0479_12_00_00.png,プラズマポケモン,0.3,0.3,でんき,ほのお,ふゆう,,,9,50,65,107,105,107,86
399.0,0479-002,479,2,ロトム,ウォッシュロトム,ウォッシュロトム,pm0479_13_00_00.png,プラズマポケモン,0.3,0.3,でんき,みず,ふゆう,,,9,50,65,107,105,107,86
400.0,0479-003,479,3,ロトム,フロストロトム,フロストロトム,pm0479_14_00_00.png,プラズマポケモン,0.3,0.3,でんき,こおり,ふゆう,,,9,50,65,107,105,107,86
401.0,0479-004,479,4,ロトム,スピンロトム,スピンロトム,pm0479_15_00_00.png,プラズマポケモン,0.3,0.3,でんき,ひこう,ふゆう,,,9,50,65,107,105,107,86
402.0,0479-005,479,5,ロトム,カットロトム,カットロトム,pm0479_16_00_00.png,プラズマポケモン,0.3,0.3,でんき,くさ,ふゆう,,,9,50,65,107,105,107,86
403.0,0480-000,480,0,ユクシー,,ユクシー,pm0480_00_00_00.png,ちしきポケモン,0.3,0.3,エスパー,,ふゆう,,,9,75,75,130,75,130,95
404.0,0481-000,481,0,エムリット,,エムリット,pm0481_00_00_00.png,かんじょうポケモン,0.3,0.3,エスパー,,ふゆう,,,9,80,105,105,105,105,80
405.0,0482-000,482,0,アグノム,,アグノム,pm0482_00_00_00.png,いしポケモン,0.3,0.3,エスパー,,ふゆう,,,9,75,125,70,125,70,115
406.0,0483-000,483,0,ディアルガ,,ディアルガ,pm0483_11_00_00.png,じかんポケモン,683.0,5.4,はがね,ドラゴン,プレッシャー,テレパシー,,9,100,120,120,150,100,90
407.0,0483-001,483,1,ディアルガ,オリジンフォルム,ディアルガ(オリジン),pm0483_12_00_00.png,じかんポケモン,850.0,7.0,はがね,ドラゴン,プレッシャー,テレパシー,,9,100,100,120,150,120,90
408.0,0484-000,484,0,パルキア,,パルキア,pm0484_11_00_00.png,くうかんポケモン,336.0,4.2,みず,ドラゴン,プレッシャー,テレパシー,,9,90,120,100,150,120,100
409.0,0484-001,484,1,パルキア,オリジンフォルム,パルキア(オリジン),pm0484_12_00_00.png,くうかんポケモン,660.0,6.3,みず,ドラゴン,プレッシャー,テレパシー,,9,90,100,100,150,120,120
410.0,0485-000,485,0,ヒードラン,,ヒードラン,pm0485_00_00_00.png,かこうポケモン,430.0,1.7,ほのお,はがね,もらいび,ほのおのからだ,,9,91,90,106,130,106,77
411.0,0486-000,486,0,レジギガス,,レジギガス,pm0486_00_00_00.png,きょだいポケモン,420.0,3.7,ノーマル,,スロースタート,,,9,110,160,110,80,110,100
412.0,0487-000,487,0,ギラティナ,アナザーフォルム,ギラティナ(アナザー),pm0487_11_00_00.png,はんこつポケモン,750.0,4.5,ゴースト,ドラゴン,プレッシャー,テレパシー,,9,150,100,120,100,120,90
413.0,0487-001,487,1,ギラティナ,オリジンフォルム,ギラティナ(オリジン),pm0487_12_00_00.png,はんこつポケモン,650.0,6.9,ゴースト,ドラゴン,ふゆう,,,9,150,120,100,120,100,90
414.0,0488-000,488,0,クレセリア,,クレセリア,pm0488_00_00_00.png,みかづきポケモン,85.6,1.5,エスパー,,ふゆう,,,9,120,70,110,75,120,85
415.0,0489-000,489,0,フィオネ,,フィオネ,pm0489_00_00_00.png,かいようポケモン,3.1,0.4,みず,,うるおいボディ,,,9,80,80,80,80,80,80
416.0,0490-000,490,0,マナフィ,,マナフィ,pm0490_00_00_00.png,かいゆうポケモン,1.4,0.3,みず,,うるおいボディ,,,9,100,100,100,100,100,100
417.0,0491-000,491,0,ダークライ,,ダークライ,pm0491_00_00_00.png,あんこくポケモン,50.5,1.5,あく,,ナイトメア,,,9,70,90,90,135,90,125
418.0,0492-000,492,0,シェイミ,ランドフォルム,シェイミ(ランド),pm0492_11_00_00.png,かんしゃポケモン,2.1,0.2,くさ,,しぜんかいふく,,,9,100,100,100,100,100,100
419.0,0492-001,492,1,シェイミ,スカイフォルム,シェイミ(スカイ),pm0492_12_00_00.png,かんしゃポケモン,5.2,0.4,くさ,ひこう,てんのめぐみ,,,9,100,103,75,120,75,127
420.0,0493-000,493,0,アルセウス,アルセウスのすがた,アルセウス,pm0493_11_00_00.png,そうぞうポケモン,320.0,3.2,ノーマル,,マルチタイプ,,,9,120,120,120,120,120,120
421.0,0493-000,493,1,アルセウス,かくとうタイプ,アルセウス,pm0493_11_00_01.png,そうぞうポケモン,320.0,3.2,かくとう,,マルチタイプ,,,9,120,120,120,120,120,120
422.0,0493-000,493,2,アルセウス,ひこうタイプ,アルセウス,pm0493_11_00_02.png,そうぞうポケモン,320.0,3.2,ひこう,,マルチタイプ,,,9,120,120,120,120,120,120
423.0,0493-000,493,3,アルセウス,どくタイプ,アルセウス,pm0493_11_00_03.png,そうぞうポケモン,320.0,3.2,どく,,マルチタイプ,,,9,120,120,120,120,120,120
424.0,0493-000,493,4,アルセウス,じめんタイプ,アルセウス,pm0493_11_00_04.png,そうぞうポケモン,320.0,3.2,じめん,,マルチタイプ,,,9,120,120,120,120,120,120
425.0,0493-000,493,5,アルセウス,いわタイプ,アルセウス,pm0493_11_00_05.png,そうぞうポケモン,320.0,3.2,いわ,,マルチタイプ,,,9,120,120,120,120,120,120
426.0,0493-000,493,6,アルセウス,むしタイプ,アルセウス,pm0493_11_00_06.png,そうぞうポケモン,320.0,3.2,むし,,マルチタイプ,,,9,120,120,120,120,120,120
427.0,0493-000,493,7,アルセウス,ゴーストタイプ,アルセウス,pm0493_11_00_07.png,そうぞうポケモン,320.0,3.2,ゴースト,,マルチタイプ,,,9,120,120,120,120,120,120
428.0,0493-000,493,8,アルセウス,はがねタイプ,アルセウス,pm0493_11_00_08.png,そうぞうポケモン,320.0,3.2,はがね,,マルチタイプ,,,9,120,120,120,120,120,120
429.0,0493-000,493,9,アルセウス,ほのおタイプ,アルセウス,pm0493_11_00_09.png,そうぞうポケモン,320.0,3.2,ほのお,,マルチタイプ,,,9,120,120,120,120,120,120
430.0,0493-000,493,10,アルセウス,みずタイプ,アルセウス,pm0493_11_00_10.png,そうぞうポケモン,320.0,3.2,みず,,マルチタイプ,,,9,120,120,120,120,120,120
431.0,0493-000,493,11,アルセウス,くさタイプ,アルセウス,pm0493_11_00_11.png,そうぞうポケモン,320.0,3.2,くさ,,マルチタイプ,,,9,120,120,120,120,120,120
432.0,0493-000,493,12,アルセウス,でんきタイプ,アルセウス,pm0493_11_00_12.png,そうぞうポケモン,320.0,3.2,でんき,,マルチタイプ,,,9,120,120,120,120,120,120
433.0,0493-000,493,13,アルセウス,エスパータイプ,アルセウス,pm0493_11_00_13.png,そうぞうポケモン,320.0,3.2,エスパー,,マルチタイプ,,,9,120,120,120,120,120,120
434.0,0493-000,493,14,アルセウス,こおりタイプ,アルセウス,pm0493_11_00_14.png,そうぞうポケモン,320.0,3.2,こおり,,マルチタイプ,,,9,120,120,120,120,120,120
435.0,0493-000,493,15,アルセウス,ドラゴンタイプ,アルセウス,pm0493_11_00_15.png,そうぞうポケモン,320.0,3.2,ドラゴン,,マルチタイプ,,,9,120,120,120,120,120,120
436.0,0493-000,493,16,アルセウス,あくタイプ,アルセウス,pm0493_11_00_16.png,そうぞうポケモン,320.0,3.2,あく,,マルチタイプ,,,9,120,120,120,120,120,120
437.0,0493-000,493,17,アルセウス,フェアリータイプ,アルセウス,pm0493_11_00_17.png,そうぞうポケモン,320.0,3.2,フェアリー,,マルチタイプ,,,9,120,120,120,120,120,120
,0494-000,494,0,ビクティニ,,ビクティニ,,しょうりポケモン,4.0,0.4,エスパー,ほのお,しょうりのほし,,,8,100,100,100,100,100,100
438.0,0495-000,495,0,ツタージャ,,ツタージャ,pm0495_00_00_00.png,くさへびポケモン,8.1,0.6,くさ,,しんりょく,あまのじゃく,,9,45,45,55,45,55,63
439.0,0496-000,496,0,ジャノビー,,ジャノビー,pm0496_00_00_00.png,くさへびポケモン,16.0,0.8,くさ,,しんりょく,あまのじゃく,,9,60,60,75,60,75,83
440.0,0497-000,497,0,ジャローダ,,ジャローダ,pm0497_00_00_00.png,ロイヤルポケモン,63.0,3.3,くさ,,しんりょく,あまのじゃく,,9,75,75,95,75,95,113
441.0,0498-000,498,0,ポカブ,,ポカブ,pm0498_00_00_00.png,ひぶたポケモン,9.9,0.5,ほのお,,もうか,あついしぼう,,9,65,63,45,45,45,45
442.0,0499-000,499,0,チャオブー,,チャオブー,pm0499_00_00_00.png,ひぶたポケモン,55.5,1.0,ほのお,かくとう,もうか,あついしぼう,,9,90,93,55,70,55,55
443.0,0500-000,500,0,エンブオー,,エンブオー,pm0500_00_00_00.png,おおひぶたポケモン,150.0,1.6,ほのお,かくとう,もうか,すてみ,,9,110,123,65,100,65,65
444.0,0501-000,501,0,ミジュマル,,ミジュマル,pm0501_00_00_00.png,ラッコポケモン,5.9,0.5,みず,,げきりゅう,シェルアーマー,,9,55,55,45,63,45,45
445.0,0502-000,502,0,フタチマル,,フタチマル,pm0502_00_00_00.png,しゅぎょうポケモン,24.5,0.8,みず,,げきりゅう,シェルアーマー,,9,75,75,60,83,60,60
446.0,0503-000,503,0,ダイケンキ,,ダイケンキ,pm0503_00_00_00.png,かんろくポケモン,94.6,1.5,みず,,げきりゅう,シェルアーマー,,9,95,100,85,108,70,70
447.0,0503-001,503,1,ダイケンキ,ヒスイのすがた,ダイケンキ(ヒスイ),pm0503_00_41_00.png,かんろくポケモン,58.2,1.5,みず,あく,げきりゅう,シェルアーマー,きれあじ,9,90,108,80,100,65,85
,0504-000,504,0,ミネズミ,,ミネズミ,,みはりポケモン,11.6,0.5,ノーマル,,にげあし,するどいめ,アナライズ,7,45,55,39,35,39,42
,0505-000,505,0,ミルホッグ,,ミルホッグ,,けいかいポケモン,27.0,1.1,ノーマル,,はっこう,するどいめ,アナライズ,7,60,85,69,60,69,77
,0506-000,506,0,ヨーテリー,,ヨーテリー,,こいぬポケモン,4.1,0.4,ノーマル,,やるき,ものひろい,にげあし,8,45,60,45,25,45,55
,0507-000,507,0,ハーデリア,,ハーデリア,,ちゅうけんポケモン,14.7,0.9,ノーマル,,いかく,すなかき,きもったま,8,65,80,65,35,65,60
,0508-000,508,0,ムーランド,,ムーランド,,かんだいポケモン,61.0,1.2,ノーマル,,いかく,すなかき,きもったま,8,85,110,90,45,90,80
,0509-000,509,0,チョロネコ,,チョロネコ,,しょうわるポケモン,10.1,0.4,あく,,じゅうなん,かるわざ,いたずらごころ,8,41,50,37,50,37,66
,0510-000,510,0,レパルダス,,レパルダス,,れいこくポケモン,37.5,1.1,あく,,じゅうなん,かるわざ,いたずらごころ,8,64,88,50,88,50,106
,0511-000,511,0,ヤナップ,,ヤナップ,,くさざるポケモン,10.5,0.6,くさ,,くいしんぼう,しんりょく,,7,50,53,48,53,48,64
,0512-000,512,0,ヤナッキー,,ヤナッキー,,とげざるポケモン,30.5,1.1,くさ,,くいしんぼう,しんりょく,,7,75,98,63,98,63,101
,0513-000,513,0,バオップ,,バオップ,,こうおんポケモン,11.0,0.6,ほのお,,くいしんぼう,もうか,,7,50,53,48,53,48,64
,0514-000,514,0,バオッキー,,バオッキー,,ひのこポケモン,28.0,1.0,ほのお,,くいしんぼう,もうか,,7,75,98,63,98,63,101
,0515-000,515,0,ヒヤップ,,ヒヤップ,,みずかけポケモン,13.5,0.6,みず,,くいしんぼう,げきりゅう,,7,50,53,48,53,48,64
,0516-000,516,0,ヒヤッキー,,ヒヤッキー,,ほうすいポケモン,29.0,1.0,みず,,くいしんぼう,げきりゅう,,7,75,98,63,98,63,101
,0517-000,517,0,ムンナ,,ムンナ,,ゆめくいポケモン,23.3,0.6,エスパー,,よちむ,シンクロ,テレパシー,8,76,25,45,67,55,24
,0518-000,518,0,ムシャーナ,,ムシャーナ,,ゆめうつつポケモン,60.5,1.1,エスパー,,よちむ,シンクロ,テレパシー,8,116,55,85,107,95,29
,0519-000,519,0,マメパト,,マメパト,,こばとポケモン,2.1,0.3,ノーマル,ひこう,はとむね,きょううん,とうそうしん,8,50,55,50,36,30,43
,0520-000,520,0,ハトーボー,,ハトーボー,,のばとポケモン,15.0,0.6,ノーマル,ひこう,はとむね,きょううん,とうそうしん,8,62,77,62,50,42,65
,0521-000,521,0,ケンホロウ,,ケンホロウ,,プライドポケモン,29.0,1.2,ノーマル,ひこう,はとむね,きょううん,とうそうしん,8,80,115,80,65,55,93
448.0,0522-000,522,0,シママ,,シママ,pm0522_00_00_00.png,たいでんポケモン,29.8,0.8,でんき,,ひらいしん,でんきエンジン,そうしょく,9,45,60,32,50,32,76
449.0,0523-000,523,0,ゼブライカ,,ゼブライカ,pm0523_00_00_00.png,らいでんポケモン,79.5,1.6,でんき,,ひらいしん,でんきエンジン,そうしょく,9,75,100,63,80,63,116
,0524-000,524,0,ダンゴロ,,ダンゴロ,,マントルポケモン,18.0,0.4,いわ,,がんじょう,くだけるよろい,すなのちから,8,55,75,85,25,25,15
,0525-000,525,0,ガントル,,ガントル,,こうせきポケモン,102.0,0.9,いわ,,がんじょう,くだけるよろい,すなのちから,8,70,105,105,50,40,20
,0526-000,526,0,ギガイアス,,ギガイアス,,こうあつポケモン,260.0,1.7,いわ,,がんじょう,すなおこし,すなのちから,8,85,135,130,60,80,25
,0527-000,527,0,コロモリ,,コロモリ,,こうもりポケモン,2.1,0.4,エスパー,ひこう,てんねん,ぶきよう,たんじゅん,8,65,45,43,55,43,72
,0528-000,528,0,ココロモリ,,ココロモリ,,きゅうあいポケモン,10.5,0.9,エスパー,ひこう,てんねん,ぶきよう,たんじゅん,8,67,57,55,77,55,114
450.0,0529-000,529,0,モグリュー,,モグリュー,pm0529_00_00_00.png,もぐらポケモン,8.5,0.3,じめん,,すなかき,すなのちから,かたやぶり,9,60,85,40,30,45,68
451.0,0530-000,530,0,ドリュウズ,,ドリュウズ,pm0530_00_00_00.png,ちていポケモン,40.4,0.7,じめん,はがね,すなかき,すなのちから,かたやぶり,9,110,135,60,50,65,88
,0531-000,531,0,タブンネ,,タブンネ,,ヒヤリングポケモン,31.0,1.1,ノーマル,,いやしのこころ,さいせいりょく,ぶきよう,8,103,60,86,60,86,50
,0531-001,531,1,タブンネ,メガタブンネ,メガタブンネ,,ヒヤリングポケモン,32.0,1.5,ノーマル,フェアリー,いやしのこころ,ぶきよう,,7,103,60,86,60,86,50
452.0,0532-000,532,0,ドッコラー,,ドッコラー,pm0532_00_00_00.png,きんこつポケモン,12.5,0.6,かくとう,,こんじょう,ちからずく,てつのこぶし,9,75,80,55,25,35,35
453.0,0533-000,533,0,ドテッコツ,,ドテッコツ,pm0533_00_00_00.png,きんこつポケモン,40.0,1.2,かくとう,,こんじょう,ちからずく,てつのこぶし,9,85,105,85,40,50,40
454.0,0534-000,534,0,ローブシン,,ローブシン,pm0534_00_00_00.png,きんこつポケモン,87.0,1.4,かくとう,,こんじょう,ちからずく,てつのこぶし,9,105,140,95,55,65,45
,0535-000,535,0,オタマロ,,オタマロ,,おたまポケモン,4.5,0.5,みず,,すいすい,うるおいボディ,ちょすい,8,50,50,40,50,40,64
,0536-000,536,0,ガマガル,,ガマガル,,しんどうポケモン,17.0,0.8,みず,じめん,すいすい,うるおいボディ,ちょすい,8,75,65,55,65,55,69
,0537-000,537,0,ガマゲロゲ,,ガマゲロゲ,,しんどうポケモン,62.0,1.5,みず,じめん,すいすい,どくしゅ,ちょすい,8,105,95,75,85,75,74
,0538-000,538,0,ナゲキ,,ナゲキ,,じゅうどうポケモン,55.5,1.3,かくとう,,こんじょう,せいしんりょく,かたやぶり,8,120,100,85,30,85,45
,0539-000,539,0,ダゲキ,,ダゲキ,,からてポケモン,51.0,1.4,かくとう,,がんじょう,せいしんりょく,かたやぶり,8,75,125,75,30,75,85
455.0,0540-000,540,0,クルミル,,クルミル,pm0540_00_00_00.png,さいほうポケモン,2.5,0.3,むし,くさ,むしのしらせ,ようりょくそ,ぼうじん,9,45,53,70,40,60,42
456.0,0541-000,541,0,クルマユ,,クルマユ,pm0541_00_00_00.png,はごもりポケモン,7.3,0.5,むし,くさ,リーフガード,ようりょくそ,ぼうじん,9,55,63,90,50,80,42
457.0,0542-000,542,0,ハハコモリ,,ハハコモリ,pm0542_00_00_00.png,こそだてポケモン,20.5,1.2,むし,くさ,むしのしらせ,ようりょくそ,ぼうじん,9,75,103,80,70,80,92
,0543-000,543,0,フシデ,,フシデ,,ムカデポケモン,5.3,0.4,むし,どく,どくのトゲ,むしのしらせ,かそく,8,30,45,59,30,39,57
,0544-000,544,0,ホイーガ,,ホイーガ,,まゆムカデポケモン,58.5,1.2,むし,どく,どくのトゲ,むしのしらせ,かそく,8,40,55,99,40,79,47
,0545-000,545,0,ペンドラー,,ペンドラー,,メガムカデポケモン,200.5,2.5,むし,どく,どくのトゲ,むしのしらせ,かそく,8,60,100,89,55,69,112
458.0,0546-000,546,0,モンメン,,モンメン,pm0546_00_00_00.png,わたたまポケモン,0.6,0.3,くさ,フェアリー,いたずらごころ,すりぬけ,ようりょくそ,9,40,27,60,37,50,66
459.0,0547-000,547,0,エルフーン,,エルフーン,pm0547_00_00_00.png,かぜかくれポケモン,6.6,0.7,くさ,フェアリー,いたずらごころ,すりぬけ,ようりょくそ,9,60,67,85,77,75,116
460.0,0548-000,548,0,チュリネ,,チュリネ,pm0548_00_00_00.png,ねっこポケモン,6.6,0.5,くさ,,ようりょくそ,マイペース,リーフガード,9,45,35,50,70,50,30
461.0,0549-000,549,0,ドレディア,,ドレディア,pm0549_00_00_00.png,はなかざりポケモン,16.3,1.1,くさ,,ようりょくそ,マイペース,リーフガード,9,70,60,75,110,75,90
462.0,0549-001,549,1,ドレディア,ヒスイのすがた,ドレディア(ヒスイ),pm0549_00_41_00.png,スピンポケモン,19.2,1.2,くさ,かくとう,ようりょくそ,はりきり,リーフガード,9,70,105,75,50,75,105
464.0,0550-000,550,0,バスラオ,あかすじのすがた,バスラオ(あか),pm0550_11_00_00.png,らんぼうポケモン,18.0,1.0,みず,,すてみ,てきおうりょく,かたやぶり,9,70,92,65,80,55,98
465.0,0550-001,550,1,バスラオ,あおすじのすがた,バスラオ(あお),pm0550_12_00_00.png,らんぼうポケモン,18.0,1.0,みず,,いしあたま,てきおうりょく,かたやぶり,9,70,92,65,80,55,98
463.0,0550-002,550,2,バスラオ,しろすじのすがた,バスラオ(しろ),pm0550_00_41_00.png,おんこうポケモン,18.0,1.0,みず,,びびり,てきおうりょく,かたやぶり,9,70,92,65,80,55,98
466.0,0551-000,551,0,メグロコ,,メグロコ,pm0551_00_00_00.png,さばくワニポケモン,15.2,0.7,じめん,あく,いかく,じしんかじょう,いかりのつぼ,9,50,72,35,35,35,65
467.0,0552-000,552,0,ワルビル,,ワルビル,pm0552_00_00_00.png,さばくワニポケモン,33.4,1.0,じめん,あく,いかく,じしんかじょう,いかりのつぼ,9,60,82,45,45,45,74
468.0,0553-000,553,0,ワルビアル,,ワルビアル,pm0553_00_00_00.png,いかくポケモン,96.3,1.5,じめん,あく,いかく,じしんかじょう,いかりのつぼ,9,95,117,80,65,70,92
,0554-000,554,0,ダルマッカ,,ダルマッカ,,だるまポケモン,37.5,0.6,ほのお,,はりきり,せいしんりょく,,8,70,90,45,15,45,50
,0554-001,554,1,ダルマッカ,ガラルのすがた,ダルマッカ(ガラル),,だるまポケモン,40.0,0.7,こおり,,はりきり,せいしんりょく,,8,70,90,45,15,45,50
,0555-000,555,0,ヒヒダルマ,ノーマルモード,ヒヒダルマ(ノーマル),,えんじょうポケモン,92.9,1.3,ほのお,,ちからずく,ダルマモード,,8,105,140,55,30,55,95
,0555-001,555,1,ヒヒダルマ,ダルマモード,ヒヒダルマ(ダルマ),,えんじょうポケモン,92.9,1.3,ほのお,エスパー,ダルマモード,ちからずく,,8,105,30,105,140,105,55
,0555-002,555,2,ヒヒダルマ,ガラルのすがた,ヒヒダルマ(ガラル),,だるまポケモン,120.0,1.7,こおり,,ごりむちゅう,ダルマモード,,8,105,140,55,30,55,95
,0556-000,556,0,マラカッチ,,マラカッチ,,サボテンポケモン,28.0,1.0,くさ,,ちょすい,ようりょくそ,よびみず,8,75,86,67,106,67,60
,0557-000,557,0,イシズマイ,,イシズマイ,,いしやどポケモン,14.5,0.3,むし,いわ,がんじょう,シェルアーマー,くだけるよろい,8,50,65,85,35,35,55
,0558-000,558,0,イワパレス,,イワパレス,,いわやどポケモン,200.0,1.4,むし,いわ,がんじょう,シェルアーマー,くだけるよろい,8,70,105,125,65,75,45
469.0,0559-000,559,0,ズルッグ,,ズルッグ,pm0559_00_00_00.png,だっぴポケモン,11.8,0.6,あく,かくとう,だっぴ,じしんかじょう,いかく,9,50,75,70,35,70,48
470.0,0560-000,560,0,ズルズキン,,ズルズキン,pm0560_00_00_00.png,あくとうポケモン,30.0,1.1,あく,かくとう,だっぴ,じしんかじょう,いかく,9,65,90,115,45,115,58
,0561-000,561,0,シンボラー,,シンボラー,,とりもどきポケモン,14.0,1.4,エスパー,ひこう,ミラクルスキン,マジックガード,いろめがね,8,72,58,80,103,80,97
,0562-000,562,0,デスマス,,デスマス,,たましいポケモン,1.5,0.5,ゴースト,,ミイラ,,,8,38,30,85,55,65,30
,0562-001,562,1,デスマス,ガラルのすがた,デスマス(ガラル),,たましいポケモン,1.5,0.5,じめん,ゴースト,さまようたましい,ミイラ,,8,38,55,85,30,65,30
,0563-000,563,0,デスカーン,,デスカーン,,かんおけポケモン,76.5,1.7,ゴースト,,ミイラ,,,8,58,50,145,95,105,30
,0564-000,564,0,プロトーガ,,プロトーガ,,こだいがめポケモン,16.5,0.7,みず,いわ,ハードロック,がんじょう,すいすい,8,54,78,103,53,45,22
,0565-000,565,0,アバゴーラ,,アバゴーラ,,こだいがめポケモン,81.0,1.2,みず,いわ,ハードロック,がんじょう,すいすい,8,74,108,133,83,65,32
,0566-000,566,0,アーケン,,アーケン,,さいこどりポケモン,9.5,0.5,いわ,ひこう,よわき,,,8,55,112,45,74,45,70
,0567-000,567,0,アーケオス,,アーケオス,,さいこどりポケモン,32.0,1.4,いわ,ひこう,よわき,,,8,75,140,65,112,65,110
,0568-000,568,0,ヤブクロン,,ヤブクロン,,ゴミぶくろポケモン,31.0,0.6,どく,,あくしゅう,ねんちゃく,ゆうばく,8,50,50,62,40,62,65
,0569-000,569,0,ダストダス,,ダストダス,,ゴミすてばポケモン,107.3,1.9,どく,,あくしゅう,くだけるよろい,ゆうばく,8,80,95,82,60,82,75
,0569-999,569,999,ダストダス,キョダイマックス,ダストダス(キョダイ),,-,9999.9,21.0,どく,,あくしゅう,くだけるよろい,ゆうばく,8,80,95,82,60,82,75
471.0,0570-000,570,0,ゾロア,,ゾロア,pm0570_00_00_00.png,わるぎつねポケモン,12.5,0.7,あく,,イリュージョン,,,9,40,65,40,80,40,65
472.0,0570-001,570,1,ゾロア,ヒスイのすがた,ゾロア(ヒスイ),pm0570_00_41_00.png,うらみぎつねポケモン,12.5,0.7,ノーマル,ゴースト,イリュージョン,,,9,35,60,40,85,40,70
473.0,0571-000,571,0,ゾロアーク,,ゾロアーク,pm0571_00_00_00.png,ばけぎつねポケモン,81.1,1.6,あく,,イリュージョン,,,9,60,105,60,120,60,105
474.0,0571-001,571,1,ゾロアーク,ヒスイのすがた,ゾロアーク(ヒスイ),pm0571_00_41_00.png,のろいぎつねポケモン,73.0,1.6,ノーマル,ゴースト,イリュージョン,,,9,55,100,60,125,60,110
475.0,0572-000,572,0,チラーミィ,,チラーミィ,pm0572_00_00_00.png,チンチラポケモン,5.8,0.4,ノーマル,,メロメロボディ,テクニシャン,スキルリンク,9,55,50,40,40,40,75
476.0,0573-000,573,0,チラチーノ,,チラチーノ,pm0573_00_00_00.png,スカーフポケモン,7.5,0.5,ノーマル,,メロメロボディ,テクニシャン,スキルリンク,9,75,95,60,65,60,115
477.0,0574-000,574,0,ゴチム,,ゴチム,pm0574_00_00_00.png,ぎょうしポケモン,5.8,0.4,エスパー,,おみとおし,かちき,かげふみ,9,45,30,50,55,65,45
478.0,0575-000,575,0,ゴチミル,,ゴチミル,pm0575_00_00_00.png,あやつりポケモン,18.0,0.7,エスパー,,おみとおし,かちき,かげふみ,9,60,45,70,75,85,55
479.0,0576-000,576,0,ゴチルゼル,,ゴチルゼル,pm0576_00_00_00.png,てんたいポケモン,44.0,1.5,エスパー,,おみとおし,かちき,かげふみ,9,70,55,95,95,110,65
480.0,0577-000,577,0,ユニラン,,ユニラン,pm0577_00_00_00.png,さいぼうポケモン,1.0,0.3,エスパー,,ぼうじん,マジックガード,さいせいりょく,9,45,30,40,105,50,20
481.0,0578-000,578,0,ダブラン,,ダブラン,pm0578_00_00_00.png,ぶんかつポケモン,8.0,0.6,エスパー,,ぼうじん,マジックガード,さいせいりょく,9,65,40,50,125,60,30
482.0,0579-000,579,0,ランクルス,,ランクルス,pm0579_00_00_00.png,ぞうふくポケモン,20.1,1.0,エスパー,,ぼうじん,マジックガード,さいせいりょく,9,110,65,75,125,85,30
483.0,0580-000,580,0,コアルヒー,,コアルヒー,pm0580_00_00_00.png,みずどりポケモン,5.5,0.5,みず,ひこう,するどいめ,はとむね,うるおいボディ,9,62,44,50,44,50,55
484.0,0581-000,581,0,スワンナ,,スワンナ,pm0581_00_00_00.png,しらとりポケモン,24.2,1.3,みず,ひこう,するどいめ,はとむね,うるおいボディ,9,75,87,63,87,63,98
,0582-000,582,0,バニプッチ,,バニプッチ,,しんせつポケモン,5.7,0.4,こおり,,アイスボディ,ゆきがくれ,くだけるよろい,8,36,50,50,65,60,44
,0583-000,583,0,バニリッチ,,バニリッチ,,ひょうせつポケモン,41.0,1.1,こおり,,アイスボディ,ゆきがくれ,くだけるよろい,8,51,65,65,80,75,59
,0584-000,584,0,バイバニラ,,バイバニラ,,ブリザードポケモン,57.5,1.3,こおり,,アイスボディ,ゆきふらし,くだけるよろい,8,71,95,85,110,95,79
485.0,0585-000,585,0,シキジカ,はるのすがた,シキジカ,pm0585_11_00_00.png,きせつポケモン,19.5,0.6,ノーマル,くさ,ようりょくそ,そうしょく,てんのめぐみ,9,60,60,50,40,50,75
486.0,0585-000,585,1,シキジカ,なつのすがた,シキジカ,pm0585_12_00_00.png,きせつポケモン,19.5,0.6,ノーマル,くさ,ようりょくそ,そうしょく,てんのめぐみ,9,60,60,50,40,50,75
487.0,0585-000,585,2,シキジカ,あきのすがた,シキジカ,pm0585_13_00_00.png,きせつポケモン,19.5,0.6,ノーマル,くさ,ようりょくそ,そうしょく,てんのめぐみ,9,60,60,50,40,50,75
488.0,0585-000,585,3,シキジカ,ふゆのすがた,シキジカ,pm0585_14_00_00.png,きせつポケモン,19.5,0.6,ノーマル,くさ,ようりょくそ,そうしょく,てんのめぐみ,9,60,60,50,40,50,75
489.0,0586-000,586,0,メブキジカ,はるのすがた,メブキジカ,pm0586_11_00_00.png,きせつポケモン,92.5,1.9,ノーマル,くさ,ようりょくそ,そうしょく,てんのめぐみ,9,80,100,70,60,70,95
490.0,0586-000,586,1,メブキジカ,なつのすがた,メブキジカ,pm0586_12_00_00.png,きせつポケモン,92.5,1.9,ノーマル,くさ,ようりょくそ,そうしょく,てんのめぐみ,9,80,100,70,60,70,95
491.0,0586-000,586,2,メブキジカ,あきのすがた,メブキジカ,pm0586_13_00_00.png,きせつポケモン,92.5,1.9,ノーマル,くさ,ようりょくそ,そうしょく,てんのめぐみ,9,80,100,70,60,70,95
492.0,0586-000,586,3,メブキジカ,ふゆのすがた,メブキジカ,pm0586_14_00_00.png,きせつポケモン,92.5,1.9,ノーマル,くさ,ようりょくそ,そうしょく,てんのめぐみ,9,80,100,70,60,70,95
,0587-000,587,0,エモンガ,,エモンガ,,モモンガポケモン,5.0,0.4,でんき,ひこう,せいでんき,でんきエンジン,,8,55,75,60,75,60,103
,0588-000,588,0,カブルモ,,カブルモ,,かぶりつきポケモン,5.9,0.5,むし,,むしのしらせ,だっぴ,ノーガード,8,50,75,45,40,45,60
,0589-000,589,0,シュバルゴ,,シュバルゴ,,きへいポケモン,33.0,1.0,むし,はがね,むしのしらせ,シェルアーマー,ぼうじん,8,70,135,105,60,105,20
493.0,0590-000,590,0,タマゲタケ,,タマゲタケ,pm0590_00_00_00.png,きのこポケモン,1.0,0.2,くさ,どく,ほうし,さいせいりょく,,9,69,55,45,55,55,15
494.0,0591-000,591,0,モロバレル,,モロバレル,pm0591_00_00_00.png,きのこポケモン,10.5,0.6,くさ,どく,ほうし,さいせいりょく,,9,114,85,70,85,80,30
,0592-000,592,0,プルリル,,プルリル,,ふゆうポケモン,33.0,1.2,みず,ゴースト,ちょすい,のろわれボディ,しめりけ,8,55,40,50,65,85,40
,0593-000,593,0,ブルンゲル,,ブルンゲル,,ふゆうポケモン,135.0,2.2,みず,ゴースト,ちょすい,のろわれボディ,しめりけ,8,100,60,70,85,105,60
495.0,0594-000,594,0,ママンボウ,,ママンボウ,pm0594_00_00_00.png,かいほうポケモン,31.6,1.2,みず,,いやしのこころ,うるおいボディ,さいせいりょく,9,165,75,80,40,45,65
496.0,0595-000,595,0,バチュル,,バチュル,pm0595_00_00_00.png,くっつきポケモン,0.6,0.1,むし,でんき,ふくがん,きんちょうかん,むしのしらせ,9,50,47,50,57,50,65
497.0,0596-000,596,0,デンチュラ,,デンチュラ,pm0596_00_00_00.png,でんきグモポケモン,14.3,0.8,むし,でんき,ふくがん,きんちょうかん,むしのしらせ,9,70,77,60,97,60,108
,0597-000,597,0,テッシード,,テッシード,,とげのみポケモン,18.8,0.6,くさ,はがね,てつのトゲ,,,8,44,50,91,24,86,10
,0598-000,598,0,ナットレイ,,ナットレイ,,とげだまポケモン,110.0,1.0,くさ,はがね,てつのトゲ,きけんよち,,8,74,94,131,54,116,20
,0599-000,599,0,ギアル,,ギアル,,はぐるまポケモン,21.0,0.3,はがね,,プラス,マイナス,クリアボディ,8,40,55,70,45,60,30
,0600-000,600,0,ギギアル,,ギギアル,,はぐるまポケモン,51.0,0.6,はがね,,プラス,マイナス,クリアボディ,8,60,80,95,70,85,50
,0601-000,601,0,ギギギアル,,ギギギアル,,はぐるまポケモン,81.0,0.6,はがね,,プラス,マイナス,クリアボディ,8,60,100,115,70,85,90
498.0,0602-000,602,0,シビシラス,,シビシラス,pm0602_00_00_00.png,でんきうおポケモン,0.3,0.2,でんき,,ふゆう,,,9,35,55,40,45,40,60
499.0,0603-000,603,0,シビビール,,シビビール,pm0603_00_00_00.png,でんきうおポケモン,22.0,1.2,でんき,,ふゆう,,,9,65,85,70,75,70,40
500.0,0604-000,604,0,シビルドン,,シビルドン,pm0604_00_00_00.png,でんきうおポケモン,80.5,2.1,でんき,,ふゆう,,,9,85,115,80,105,80,50
,0605-000,605,0,リグレー,,リグレー,,ブレインポケモン,9.0,0.5,エスパー,,テレパシー,シンクロ,アナライズ,8,55,55,55,85,55,30
,0606-000,606,0,オーベム,,オーベム,,ブレインポケモン,34.5,1.0,エスパー,,テレパシー,シンクロ,アナライズ,8,75,75,75,125,95,40
501.0,0607-000,607,0,ヒトモシ,,ヒトモシ,pm0607_00_00_00.png,ろうそくポケモン,3.1,0.3,ゴースト,ほのお,もらいび,ほのおのからだ,すりぬけ,9,50,30,55,65,55,20
502.0,0608-000,608,0,ランプラー,,ランプラー,pm0608_00_00_00.png,ランプポケモン,13.0,0.6,ゴースト,ほのお,もらいび,ほのおのからだ,すりぬけ,9,60,40,60,95,60,55
503.0,0609-000,609,0,シャンデラ,,シャンデラ,pm0609_00_00_00.png,いざないポケモン,34.3,1.0,ゴースト,ほのお,もらいび,ほのおのからだ,すりぬけ,9,60,55,90,145,90,80
504.0,0610-000,610,0,キバゴ,,キバゴ,pm0610_00_00_00.png,キバポケモン,18.0,0.6,ドラゴン,,とうそうしん,かたやぶり,きんちょうかん,9,46,87,60,30,40,57
505.0,0611-000,611,0,オノンド,,オノンド,pm0611_00_00_00.png,あごオノポケモン,36.0,1.0,ドラゴン,,とうそうしん,かたやぶり,きんちょうかん,9,66,117,70,40,50,67
506.0,0612-000,612,0,オノノクス,,オノノクス,pm0612_00_00_00.png,あごオノポケモン,105.5,1.8,ドラゴン,,とうそうしん,かたやぶり,きんちょうかん,9,76,147,90,60,70,97
507.0,0613-000,613,0,クマシュン,,クマシュン,pm0613_00_00_00.png,ひょうけつポケモン,8.5,0.5,こおり,,ゆきがくれ,ゆきかき,びびり,9,55,70,40,60,40,40
508.0,0614-000,614,0,ツンベアー,,ツンベアー,pm0614_00_00_00.png,とうけつポケモン,260.0,2.6,こおり,,ゆきがくれ,ゆきかき,すいすい,9,95,130,80,70,80,50
509.0,0615-000,615,0,フリージオ,,フリージオ,pm0615_00_00_00.png,けっしょうポケモン,148.0,1.1,こおり,,ふゆう,,,9,80,50,50,95,135,105
,0616-000,616,0,チョボマキ,,チョボマキ,,マイマイポケモン,7.7,0.4,むし,,うるおいボディ,シェルアーマー,ぼうじん,8,50,40,85,40,65,25
,0617-000,617,0,アギルダー,,アギルダー,,からぬけポケモン,25.3,0.8,むし,,うるおいボディ,ねんちゃく,かるわざ,8,80,70,40,100,60,145
,0618-000,618,0,マッギョ,,マッギョ,,トラップポケモン,11.0,0.7,じめん,でんき,せいでんき,じゅうなん,すながくれ,8,109,66,84,81,99,32
,0618-001,618,1,マッギョ,ガラルのすがた,マッギョ(ガラル),,トラップポケモン,20.5,0.7,じめん,はがね,ぎたい,すながくれ,,8,109,81,99,66,84,32
510.0,0619-000,619,0,コジョフー,,コジョフー,pm0619_00_00_00.png,ぶじゅつポケモン,20.0,0.9,かくとう,,せいしんりょく,さいせいりょく,すてみ,9,45,85,50,55,50,65
511.0,0620-000,620,0,コジョンド,,コジョンド,pm0620_00_00_00.png,ぶじゅつポケモン,35.5,1.4,かくとう,,せいしんりょく,さいせいりょく,すてみ,9,65,125,60,95,60,105
,0621-000,621,0,クリムガン,,クリムガン,,ほらあなポケモン,139.0,1.6,ドラゴン,,さめはだ,ちからずく,かたやぶり,8,77,120,90,60,90,48
512.0,0622-000,622,0,ゴビット,,ゴビット,pm0622_00_00_00.png,ゴーレムポケモン,92.0,1.0,じめん,ゴースト,てつのこぶし,ぶきよう,ノーガード,9,59,74,50,35,50,35
513.0,0623-000,623,0,ゴルーグ,,ゴルーグ,pm0623_00_00_00.png,ゴーレムポケモン,330.0,2.8,じめん,ゴースト,てつのこぶし,ぶきよう,ノーガード,9,89,124,80,55,80,55
514.0,0624-000,624,0,コマタナ,,コマタナ,pm0624_00_00_00.png,はものポケモン,10.2,0.5,あく,はがね,まけんき,せいしんりょく,プレッシャー,9,45,85,70,40,40,60
515.0,0625-000,625,0,キリキザン,,キリキザン,pm0625_00_00_00.png,とうじんポケモン,70.0,1.6,あく,はがね,まけんき,せいしんりょく,プレッシャー,9,65,125,100,60,70,70
,0626-000,626,0,バッフロン,,バッフロン,,ずつきうしポケモン,94.6,1.6,ノーマル,,すてみ,そうしょく,ぼうおん,8,95,110,95,40,95,55
516.0,0627-000,627,0,ワシボン,,ワシボン,pm0627_00_00_00.png,ヒナわしポケモン,10.5,0.5,ノーマル,ひこう,するどいめ,ちからずく,はりきり,9,70,83,50,37,50,60
517.0,0628-000,628,0,ウォーグル,,ウォーグル,pm0628_00_00_00.png,ゆうもうポケモン,41.0,1.5,ノーマル,ひこう,するどいめ,ちからずく,まけんき,9,100,123,75,57,75,80
518.0,0628-001,628,1,ウォーグル,ヒスイのすがた,ウォーグル(ヒスイ),pm0628_00_41_00.png,おたけびポケモン,43.4,1.7,エスパー,ひこう,するどいめ,ちからずく,まけんき,9,110,83,70,112,70,65
519.0,0629-000,629,0,バルチャイ,,バルチャイ,pm0629_00_00_00.png,おむつポケモン,9.0,0.5,あく,ひこう,はとむね,ぼうじん,くだけるよろい,9,70,55,75,45,65,60
520.0,0630-000,630,0,バルジーナ,,バルジーナ,pm0630_00_00_00.png,ほねわしポケモン,39.5,1.2,あく,ひこう,はとむね,ぼうじん,くだけるよろい,9,110,65,105,55,95,80
,0631-000,631,0,クイタラン,,クイタラン,,アリクイポケモン,58.0,1.4,ほのお,,くいしんぼう,もらいび,しろいけむり,8,85,97,66,105,66,65
,0632-000,632,0,アイアント,,アイアント,,てつアリポケモン,33.0,0.3,むし,はがね,むしのしらせ,はりきり,なまけ,8,58,109,112,48,48,109
521.0,0633-000,633,0,モノズ,,モノズ,pm0633_00_00_00.png,そぼうポケモン,17.3,0.8,あく,ドラゴン,はりきり,,,9,52,65,50,45,50,38
522.0,0634-000,634,0,ジヘッド,,ジヘッド,pm0634_00_00_00.png,らんぼうポケモン,50.0,1.4,あく,ドラゴン,はりきり,,,9,72,85,70,65,70,58
523.0,0635-000,635,0,サザンドラ,,サザンドラ,pm0635_00_00_00.png,きょうぼうポケモン,160.0,1.8,あく,ドラゴン,ふゆう,,,9,92,105,90,125,90,98
524.0,0636-000,636,0,メラルバ,,メラルバ,pm0636_00_00_00.png,たいまつポケモン,28.8,1.1,むし,ほのお,ほのおのからだ,むしのしらせ,,9,55,85,55,50,55,60
525.0,0637-000,637,0,ウルガモス,,ウルガモス,pm0637_00_00_00.png,たいようポケモン,46.0,1.6,むし,ほのお,ほのおのからだ,むしのしらせ,,9,85,60,65,135,105,100
526.0,0638-000,638,0,コバルオン,,コバルオン,pm0638_00_00_00.png,てっしんポケモン,250.0,2.1,はがね,かくとう,せいぎのこころ,,,9,91,90,129,90,72,108
527.0,0639-000,639,0,テラキオン,,テラキオン,pm0639_00_00_00.png,がんくつポケモン,260.0,1.9,いわ,かくとう,せいぎのこころ,,,9,91,129,90,72,90,108
528.0,0640-000,640,0,ビリジオン,,ビリジオン,pm0640_00_00_00.png,そうげんポケモン,200.0,2.0,くさ,かくとう,せいぎのこころ,,,9,91,90,72,90,129,108
529.0,0641-000,641,0,トルネロス,けしんフォルム,トルネロス(けしん),pm0641_11_00_00.png,せんぷうポケモン,63.0,1.5,ひこう,,いたずらごころ,まけんき,,9,79,115,70,125,80,111
530.0,0641-001,641,1,トルネロス,れいじゅうフォルム,トルネロス(れいじゅう),pm0641_12_00_00.png,せんぷうポケモン,63.0,1.4,ひこう,,さいせいりょく,,,9,79,100,80,110,90,121
531.0,0642-000,642,0,ボルトロス,けしんフォルム,ボルトロス(けしん),pm0642_11_00_00.png,らいげきポケモン,61.0,1.5,でんき,ひこう,いたずらごころ,まけんき,,9,79,115,70,125,80,111
532.0,0642-001,642,1,ボルトロス,れいじゅうフォルム,ボルトロス(れいじゅう),pm0642_12_00_00.png,らいげきポケモン,61.0,3.0,でんき,ひこう,ちくでん,,,9,79,105,70,145,80,101
533.0,0643-000,643,0,レシラム,,レシラム,pm0643_00_00_00.png,はくようポケモン,330.0,3.2,ドラゴン,ほのお,ターボブレイズ,,,9,100,120,100,150,120,90
534.0,0644-000,644,0,ゼクロム,,ゼクロム,pm0644_00_00_00.png,こくいんポケモン,345.0,2.9,ドラゴン,でんき,テラボルテージ,,,9,100,150,120,120,100,90
535.0,0645-000,645,0,ランドロス,けしんフォルム,ランドロス(けしん),pm0645_11_00_00.png,ほうじょうポケモン,68.0,1.5,じめん,ひこう,すなのちから,ちからずく,,9,89,125,90,115,80,101
536.0,0645-001,645,1,ランドロス,れいじゅうフォルム,ランドロス(れいじゅう),pm0645_12_00_00.png,ほうじょうポケモン,68.0,1.3,じめん,ひこう,いかく,,,9,89,145,90,105,80,91
537.0,0646-000,646,0,キュレム,キュレムのすがた,キュレム,pm0646_11_00_00.png,きょうかいポケモン,325.0,3.0,ドラゴン,こおり,プレッシャー,,,9,125,130,90,130,90,95
538.0,0646-001,646,1,キュレム,ホワイトキュレム,ホワイトキュレム,pm0646_12_00_00.png,きょうかいポケモン,325.0,3.6,ドラゴン,こおり,ターボブレイズ,,,9,125,120,90,170,100,95
539.0,0646-002,646,2,キュレム,ブラックキュレム,ブラックキュレム,pm0646_13_00_00.png,きょうかいポケモン,325.0,3.3,ドラゴン,こおり,テラボルテージ,,,9,125,170,100,120,90,95
540.0,0647-000,647,0,ケルディオ,いつものすがた,ケルディオ(いつも),pm0647_11_00_00.png,わかごまポケモン,48.5,1.4,みず,かくとう,せいぎのこころ,,,9,91,72,90,129,90,108
541.0,0647-001,647,1,ケルディオ,かくごのすがた,ケルディオ(かくご),pm0647_12_00_00.png,わかごまポケモン,48.5,1.4,みず,かくとう,せいぎのこころ,,,9,91,72,90,129,90,108
542.0,0648-000,648,0,メロエッタ,ボイスフォルム,メロエッタ(ボイス),pm0648_11_00_00.png,せんりつポケモン,6.5,0.6,ノーマル,エスパー,てんのめぐみ,,,9,100,77,77,128,128,90
544.0,0648-001,648,1,メロエッタ,ステップフォルム,メロエッタ(ステップ),pm0648_12_00_00.png,せんりつポケモン,6.5,0.6,ノーマル,かくとう,てんのめぐみ,,,9,100,128,90,77,77,128
,0649-000,649,0,ゲノセクト,ゲノセクトのすがた,ゲノセクト,,こせいだいポケモン,82.5,1.5,むし,はがね,ダウンロード,,,8,71,120,95,120,95,99
593.0,0650-000,650,0,ハリマロン,,ハリマロン,pm0650_00_00_00.png,いがぐりポケモン,9.0,0.4,くさ,,しんりょく,ぼうだん,,9,56,61,65,48,45,38
594.0,0651-000,651,0,ハリボーグ,,ハリボーグ,pm0651_00_00_00.png,とげよろいポケモン,29.0,0.7,くさ,,しんりょく,ぼうだん,,9,61,78,95,56,58,57
595.0,0652-000,652,0,ブリガロン,,ブリガロン,pm0652_00_00_00.png,とげよろいポケモン,90.0,1.6,くさ,かくとう,しんりょく,ぼうだん,,9,88,107,122,74,75,64
590.0,0653-000,653,0,フォッコ,,フォッコ,pm0653_00_00_00.png,キツネポケモン,9.4,0.4,ほのお,,もうか,マジシャン,,9,40,45,40,62,60,60
591.0,0654-000,654,0,テールナー,,テールナー,pm0654_00_00_00.png,キツネポケモン,14.5,1.0,ほのお,,もうか,マジシャン,,9,59,59,58,90,70,73
592.0,0655-000,655,0,マフォクシー,,マフォクシー,pm0655_00_00_00.png,キツネポケモン,39.0,1.5,ほのお,エスパー,もうか,マジシャン,,9,75,69,72,114,100,104
596.0,0656-000,656,0,ケロマツ,,ケロマツ,pm0656_00_00_00.png,あわがえるポケモン,7.0,0.3,みず,,げきりゅう,へんげんじざい,,9,41,56,40,62,44,71
597.0,0657-000,657,0,ゲコガシラ,,ゲコガシラ,pm0657_00_00_00.png,あわがえるポケモン,10.9,0.6,みず,,げきりゅう,へんげんじざい,,9,54,63,52,83,56,97
598.0,0658-000,658,0,ゲッコウガ,,ゲッコウガ,pm0658_11_00_00.png,しのびポケモン,40.0,1.5,みず,あく,げきりゅう,へんげんじざい,,9,72,95,67,103,71,122
,0659-000,659,0,ホルビー,,ホルビー,,あなほりポケモン,5.0,0.4,ノーマル,,ものひろい,ほおぶくろ,ちからもち,8,38,36,38,32,36,57
,0660-000,660,0,ホルード,,ホルード,,あなほりポケモン,42.4,1.0,ノーマル,じめん,ものひろい,ほおぶくろ,ちからもち,8,85,56,77,50,77,78
610.0,0661-000,661,0,ヤヤコマ,,ヤヤコマ,pm0661_00_00_00.png,コマドリポケモン,1.7,0.3,ノーマル,ひこう,はとむね,はやてのつばさ,,9,45,50,43,40,38,62
611.0,0662-000,662,0,ヒノヤコマ,,ヒノヤコマ,pm0662_00_00_00.png,ひのこポケモン,16.0,0.7,ほのお,ひこう,ほのおのからだ,はやてのつばさ,,9,62,73,55,56,52,84
612.0,0663-000,663,0,ファイアロー,,ファイアロー,pm0663_00_00_00.png,れっかポケモン,24.5,1.2,ほのお,ひこう,ほのおのからだ,はやてのつばさ,,9,78,81,71,74,69,126
550.0,0664-000,664,0,コフキムシ,,コフキムシ,pm0664_00_00_00.png,こなふきポケモン,2.5,0.3,むし,,りんぷん,ふくがん,フレンドガード,9,38,35,40,27,25,35
551.0,0665-000,665,0,コフーライ,,コフーライ,pm0665_00_00_00.png,こなふきポケモン,8.4,0.3,むし,,だっぴ,フレンドガード,,9,45,22,60,27,30,29
552.0,0666-000,666,0,ビビヨン,ひょうせつのもよう,ビビヨン,pm0666_11_00_00.png,りんぷんポケモン,17.0,1.2,むし,ひこう,りんぷん,ふくがん,フレンドガード,9,80,52,50,90,50,89
553.0,0666-000,666,0,ビビヨン,ゆきぐにのもよう,ビビヨン,pm0666_12_00_00.png,りんぷんポケモン,17.0,1.2,むし,ひこう,りんぷん,ふくがん,フレンドガード,9,80,52,50,90,50,89
554.0,0666-000,666,0,ビビヨン,せつげんのもよう,ビビヨン,pm0666_13_00_00.png,りんぷんポケモン,17.0,1.2,むし,ひこう,りんぷん,ふくがん,フレンドガード,9,80,52,50,90,50,89
555.0,0666-000,666,0,ビビヨン,たいりくのもよう,ビビヨン,pm0666_14_00_00.png,りんぷんポケモン,17.0,1.2,むし,ひこう,りんぷん,ふくがん,フレンドガード,9,80,52,50,90,50,89
556.0,0666-000,666,0,ビビヨン,ていえんのもよう,ビビヨン,pm0666_15_00_00.png,りんぷんポケモン,17.0,1.2,むし,ひこう,りんぷん,ふくがん,フレンドガード,9,80,52,50,90,50,89
557.0,0666-000,666,0,ビビヨン,みやびなもよう,ビビヨン,pm0666_16_00_00.png,りんぷんポケモン,17.0,1.2,むし,ひこう,りんぷん,ふくがん,フレンドガード,9,80,52,50,90,50,89
558.0,0666-000,666,0,ビビヨン,はなぞののもよう,ビビヨン,pm0666_17_00_00.png,りんぷんポケモン,17.0,1.2,むし,ひこう,りんぷん,ふくがん,フレンドガード,9,80,52,50,90,50,89
559.0,0666-000,666,0,ビビヨン,モダンなもよう,ビビヨン,pm0666_18_00_00.png,りんぷんポケモン,17.0,1.2,むし,ひこう,りんぷん,ふくがん,フレンドガード,9,80,52,50,90,50,89
560.0,0666-000,666,0,ビビヨン,マリンのもよう,ビビヨン,pm0666_19_00_00.png,りんぷんポケモン,17.0,1.2,むし,ひこう,りんぷん,ふくがん,フレンドガード,9,80,52,50,90,50,89
561.0,0666-000,666,0,ビビヨン,ぐんとうのもよう,ビビヨン,pm0666_20_00_00.png,りんぷんポケモン,17.0,1.2,むし,ひこう,りんぷん,ふくがん,フレンドガード,9,80,52,50,90,50,89
562.0,0666-000,666,0,ビビヨン,こうやのもよう,ビビヨン,pm0666_21_00_00.png,りんぷんポケモン,17.0,1.2,むし,ひこう,りんぷん,ふくがん,フレンドガード,9,80,52,50,90,50,89
563.0,0666-000,666,0,ビビヨン,さじんのもよう,ビビヨン,pm0666_22_00_00.png,りんぷんポケモン,17.0,1.2,むし,ひこう,りんぷん,ふくがん,フレンドガード,9,80,52,50,90,50,89
564.0,0666-000,666,0,ビビヨン,たいがのもよう,ビビヨン,pm0666_23_00_00.png,りんぷんポケモン,17.0,1.2,むし,ひこう,りんぷん,ふくがん,フレンドガード,9,80,52,50,90,50,89
565.0,0666-000,666,0,ビビヨン,スコールのもよう,ビビヨン,pm0666_24_00_00.png,りんぷんポケモン,17.0,1.2,むし,ひこう,りんぷん,ふくがん,フレンドガード,9,80,52,50,90,50,89
566.0,0666-000,666,0,ビビヨン,サバンナのもよう,ビビヨン,pm0666_25_00_00.png,りんぷんポケモン,17.0,1.2,むし,ひこう,りんぷん,ふくがん,フレンドガード,9,80,52,50,90,50,89
567.0,0666-000,666,0,ビビヨン,たいようのもよう,ビビヨン,pm0666_26_00_00.png,りんぷんポケモン,17.0,1.2,むし,ひこう,りんぷん,ふくがん,フレンドガード,9,80,52,50,90,50,89
568.0,0666-000,666,0,ビビヨン,オーシャンのもよう,ビビヨン,pm0666_27_00_00.png,りんぷんポケモン,17.0,1.2,むし,ひこう,りんぷん,ふくがん,フレンドガード,9,80,52,50,90,50,89
569.0,0666-000,666,0,ビビヨン,ジャングルのもよう,ビビヨン,pm0666_28_00_00.png,りんぷんポケモン,17.0,1.2,むし,ひこう,りんぷん,ふくがん,フレンドガード,9,80,52,50,90,50,89
570.0,0666-000,666,0,ビビヨン,ファンシーなもよう,ビビヨン,pm0666_29_00_00.png,りんぷんポケモン,17.0,1.2,むし,ひこう,りんぷん,ふくがん,フレンドガード,9,80,52,50,90,50,89
571.0,0666-000,666,0,ビビヨン,ボールもよう,ビビヨン,pm0666_30_00_00.png,りんぷんポケモン,17.0,1.2,むし,ひこう,りんぷん,ふくがん,フレンドガード,9,80,52,50,90,50,89
547.0,0667-000,667,0,シシコ,,シシコ,pm0667_00_00_00.png,わかじしポケモン,13.5,0.6,ほのお,ノーマル,とうそうしん,きんちょうかん,じしんかじょう,9,62,50,58,73,54,72
548.0,0668-000,668,0,カエンジシ,,カエンジシ,pm0668_00_00_00.png,おうじゃポケモン,81.5,1.5,ほのお,ノーマル,とうそうしん,きんちょうかん,じしんかじょう,9,86,68,72,109,66,106
549.0,0668-000,668,0,カエンジシ,,カエンジシ,pm0668_01_00_00.png,おうじゃポケモン,81.5,1.5,ほのお,ノーマル,とうそうしん,きんちょうかん,じしんかじょう,9,86,68,72,109,66,106
574.0,0669-000,669,0,フラベベ,あかいはな,フラベベ,pm0669_11_00_00.png,いちりんポケモン,0.1,0.1,フェアリー,,フラワーベール,きょうせい,,9,44,38,39,61,79,42
575.0,0669-000,669,0,フラベベ,きいろのはな,フラベベ,pm0669_12_00_00.png,いちりんポケモン,0.1,0.1,フェアリー,,フラワーベール,きょうせい,,9,44,38,39,61,79,42
576.0,0669-000,669,0,フラベベ,オレンジいろのはな,フラベベ,pm0669_13_00_00.png,いちりんポケモン,0.1,0.1,フェアリー,,フラワーベール,きょうせい,,9,44,38,39,61,79,42
577.0,0669-000,669,0,フラベベ,あおいはな,フラベベ,pm0669_14_00_00.png,いちりんポケモン,0.1,0.1,フェアリー,,フラワーベール,きょうせい,,9,44,38,39,61,79,42
578.0,0669-000,669,0,フラベベ,しろいはな,フラベベ,pm0669_15_00_00.png,いちりんポケモン,0.1,0.1,フェアリー,,フラワーベール,きょうせい,,9,44,38,39,61,79,42
579.0,0670-000,670,0,フラエッテ,あかいはな,フラエッテ,pm0670_11_00_00.png,いちりんポケモン,0.9,0.2,フェアリー,,フラワーベール,きょうせい,,9,54,45,47,75,98,52
580.0,0670-000,670,0,フラエッテ,きいろのはな,フラエッテ,pm0670_12_00_00.png,いちりんポケモン,0.9,0.2,フェアリー,,フラワーベール,きょうせい,,9,54,45,47,75,98,52
581.0,0670-000,670,0,フラエッテ,オレンジいろのはな,フラエッテ,pm0670_13_00_00.png,いちりんポケモン,0.9,0.2,フェアリー,,フラワーベール,きょうせい,,9,54,45,47,75,98,52
582.0,0670-000,670,0,フラエッテ,あおいはな,フラエッテ,pm0670_14_00_00.png,いちりんポケモン,0.9,0.2,フェアリー,,フラワーベール,きょうせい,,9,54,45,47,75,98,52
583.0,0670-000,670,0,フラエッテ,しろいはな,フラエッテ,pm0670_15_00_00.png,いちりんポケモン,0.9,0.2,フェアリー,,フラワーベール,きょうせい,,9,54,45,47,75,98,52
584.0,0671-000,671,0,フラージェス,あかいはな,フラージェス,pm0671_11_00_00.png,ガーデンポケモン,10.0,1.1,フェアリー,,フラワーベール,きょうせい,,9,78,65,68,112,154,75
585.0,0671-000,671,0,フラージェス,きいろのはな,フラージェス,pm0671_12_00_00.png,ガーデンポケモン,10.0,1.1,フェアリー,,フラワーベール,きょうせい,,9,78,65,68,112,154,75
586.0,0671-000,671,0,フラージェス,オレンジいろのはな,フラージェス,pm0671_13_00_00.png,ガーデンポケモン,10.0,1.1,フェアリー,,フラワーベール,きょうせい,,9,78,65,68,112,154,75
587.0,0671-000,671,0,フラージェス,あおいはな,フラージェス,pm0671_14_00_00.png,ガーデンポケモン,10.0,1.1,フェアリー,,フラワーベール,きょうせい,,9,78,65,68,112,154,75
588.0,0671-000,671,0,フラージェス,しろいはな,フラージェス,pm0671_15_00_00.png,ガーデンポケモン,10.0,1.1,フェアリー,,フラワーベール,きょうせい,,9,78,65,68,112,154,75
601.0,0672-000,672,0,メェークル,,メェークル,pm0672_00_00_00.png,ライドポケモン,31.0,0.9,くさ,,そうしょく,くさのけがわ,,9,66,65,48,62,57,52
602.0,0673-000,673,0,ゴーゴート,,ゴーゴート,pm0673_00_00_00.png,ライドポケモン,91.0,1.7,くさ,,そうしょく,くさのけがわ,,9,123,100,62,97,81,68
,0674-000,674,0,ヤンチャム,,ヤンチャム,,やんちゃポケモン,8.0,0.6,かくとう,,てつのこぶし,かたやぶり,きもったま,8,67,82,62,46,48,43
,0675-000,675,0,ゴロンダ,,ゴロンダ,,こわもてポケモン,136.0,2.1,かくとう,あく,てつのこぶし,かたやぶり,きもったま,8,95,124,78,69,71,58
,0676-000,676,0,トリミアン,やせいのすがた,トリミアン,,プードルポケモン,28.0,1.2,ノーマル,,ファーコート,,,7,75,80,60,65,90,102
603.0,0677-000,677,0,ニャスパー,,ニャスパー,pm0677_00_00_00.png,じせいポケモン,3.5,0.3,エスパー,,するどいめ,すりぬけ,マイペース,9,62,48,54,63,60,68
604.0,0678-000,678,0,ニャオニクス,オスのすがた,ニャオニクス(オス),pm0678_00_00_00.png,よくせいポケモン,8.5,0.6,エスパー,,するどいめ,すりぬけ,いたずらごころ,9,74,48,76,83,81,104
605.0,0678-001,678,1,ニャオニクス,メスのすがた,ニャオニクス(メス),pm0678_01_00_00.png,よくせいポケモン,8.5,0.6,エスパー,,するどいめ,すりぬけ,かちき,9,74,48,76,83,81,104
,0679-000,679,0,ヒトツキ,,ヒトツキ,,とうけんポケモン,2.0,0.8,はがね,ゴースト,ノーガード,,,8,45,80,100,35,37,28
,0680-000,680,0,ニダンギル,,ニダンギル,,とうけんポケモン,4.5,0.8,はがね,ゴースト,ノーガード,,,8,59,110,150,45,49,35
,0681-000,681,0,ギルガルド,シールドフォルム,ギルガルド(シールド),,おうけんポケモン,53.0,1.7,はがね,ゴースト,バトルスイッチ,,,8,60,50,140,50,140,60
,0681-001,681,1,ギルガルド,ブレードフォルム,ギルガルド(ブレード),,おうけんポケモン,53.0,1.7,はがね,ゴースト,バトルスイッチ,,,8,60,140,50,140,50,60
,0682-000,682,0,シュシュプ,,シュシュプ,,こうすいポケモン,0.5,0.2,フェアリー,,いやしのこころ,アロマベール,,8,78,52,60,63,65,23
,0683-000,683,0,フレフワン,,フレフワン,,ほうこうポケモン,15.5,0.8,フェアリー,,いやしのこころ,アロマベール,,8,101,72,72,99,89,29
,0684-000,684,0,ペロッパフ,,ペロッパフ,,わたあめポケモン,3.5,0.4,フェアリー,,スイートベール,かるわざ,,8,62,48,66,59,57,49
,0685-000,685,0,ペロリーム,,ペロリーム,,ホイップポケモン,5.0,0.8,フェアリー,,スイートベール,かるわざ,,8,82,80,86,85,75,72
599.0,0686-000,686,0,マーイーカ,,マーイーカ,pm0686_00_00_00.png,かいてんポケモン,3.5,0.4,あく,エスパー,あまのじゃく,きゅうばん,すりぬけ,9,53,54,53,37,46,45
600.0,0687-000,687,0,カラマネロ,,カラマネロ,pm0687_00_00_00.png,ぎゃくてんポケモン,47.0,1.5,あく,エスパー,あまのじゃく,きゅうばん,すりぬけ,9,86,92,88,68,75,73
,0688-000,688,0,カメテテ,,カメテテ,,ふたてポケモン,31.0,0.5,いわ,みず,かたいツメ,スナイパー,わるいてぐせ,8,42,52,67,39,56,50
,0689-000,689,0,ガメノデス,,ガメノデス,,しゅうごうポケモン,96.0,1.3,いわ,みず,かたいツメ,スナイパー,わるいてぐせ,8,72,105,115,54,86,68
572.0,0690-000,690,0,クズモー,,クズモー,pm0690_00_00_00.png,クサモドキポケモン,7.3,0.5,どく,みず,どくのトゲ,どくしゅ,てきおうりょく,9,50,60,60,60,60,30
573.0,0691-000,691,0,ドラミドロ,,ドラミドロ,pm0691_00_00_00.png,クサモドキポケモン,81.5,1.8,どく,ドラゴン,どくのトゲ,どくしゅ,てきおうりょく,9,65,75,90,97,123,44
613.0,0692-000,692,0,ウデッポウ,,ウデッポウ,pm0692_00_00_00.png,みずでっぽうポケモン,8.3,0.5,みず,,メガランチャー,,,9,50,53,62,58,63,44
614.0,0693-000,693,0,ブロスター,,ブロスター,pm0693_00_00_00.png,ランチャーポケモン,35.3,1.3,みず,,メガランチャー,,,9,71,73,88,120,89,59
,0694-000,694,0,エリキテル,,エリキテル,,はつでんポケモン,6.0,0.5,でんき,ノーマル,かんそうはだ,すながくれ,サンパワー,8,44,38,33,61,43,70
,0695-000,695,0,エレザード,,エレザード,,はつでんポケモン,21.0,1.0,でんき,ノーマル,かんそうはだ,すながくれ,サンパワー,8,62,55,52,109,94,109
,0696-000,696,0,チゴラス,,チゴラス,,ようくんポケモン,26.0,0.8,いわ,ドラゴン,がんじょうあご,がんじょう,,8,58,89,77,45,45,48
,0697-000,697,0,ガチゴラス,,ガチゴラス,,ぼうくんポケモン,270.0,2.5,いわ,ドラゴン,がんじょうあご,いしあたま,,8,82,121,119,69,59,71
,0698-000,698,0,アマルス,,アマルス,,ツンドラポケモン,25.2,1.3,いわ,こおり,フリーズスキン,ゆきふらし,,8,77,59,50,67,63,46
,0699-000,699,0,アマルルガ,,アマルルガ,,ツンドラポケモン,225.0,2.7,いわ,こおり,フリーズスキン,ゆきふらし,,8,123,77,72,99,92,58
624.0,0700-000,700,0,ニンフィア,,ニンフィア,pm0700_00_00_00.png,むすびつきポケモン,23.5,1.0,フェアリー,,メロメロボディ,フェアリースキン,,9,95,65,65,110,130,60
616.0,0701-000,701,0,ルチャブル,,ルチャブル,pm0701_00_00_00.png,レスリングポケモン,21.5,0.8,かくとう,ひこう,じゅうなん,かるわざ,かたやぶり,9,78,92,75,74,63,118
606.0,0702-000,702,0,デデンネ,,デデンネ,pm0702_00_00_00.png,アンテナポケモン,2.2,0.2,でんき,フェアリー,ほおぶくろ,ものひろい,プラス,9,67,58,57,81,67,101
623.0,0703-000,703,0,メレシー,,メレシー,pm0703_00_00_00.png,ほうせきポケモン,5.7,0.3,いわ,フェアリー,クリアボディ,がんじょう,,9,50,50,150,50,150,50
618.0,0704-000,704,0,ヌメラ,,ヌメラ,pm0704_00_00_00.png,なんたいポケモン,2.8,0.3,ドラゴン,,そうしょく,うるおいボディ,ぬめぬめ,9,45,50,35,55,75,40
619.0,0705-000,705,0,ヌメイル,,ヌメイル,pm0705_00_00_00.png,なんたいポケモン,17.5,0.8,ドラゴン,,そうしょく,うるおいボディ,ぬめぬめ,9,68,75,53,83,113,60
620.0,0705-001,705,1,ヌメイル,ヒスイのすがた,ヌメイル(ヒスイ),pm0705_00_41_00.png,マイマイポケモン,68.5,0.7,はがね,ドラゴン,そうしょく,シェルアーマー,ぬめぬめ,9,58,75,83,83,113,40
621.0,0706-000,706,0,ヌメルゴン,,ヌメルゴン,pm0706_00_00_00.png,ドラゴンポケモン,150.5,2.0,ドラゴン,,そうしょく,うるおいボディ,ぬめぬめ,9,90,100,70,110,150,80
622.0,0706-001,706,1,ヌメルゴン,ヒスイのすがた,ヌメルゴン(ヒスイ),pm0706_00_41_00.png,からこもりポケモン,334.1,1.7,はがね,ドラゴン,そうしょく,シェルアーマー,ぬめぬめ,9,80,100,100,110,150,60
615.0,0707-000,707,0,クレッフィ,,クレッフィ,pm0707_00_00_00.png,かぎたばポケモン,3.0,0.2,はがね,フェアリー,いたずらごころ,マジシャン,,9,57,80,91,80,87,75
545.0,0708-000,708,0,ボクレー,,ボクレー,pm0708_00_00_00.png,きりかぶポケモン,7.0,0.4,ゴースト,くさ,しぜんかいふく,おみとおし,しゅうかく,9,43,70,48,50,60,38
546.0,0709-000,709,0,オーロット,,オーロット,pm0709_00_00_00.png,ろうぼくポケモン,71.0,1.5,ゴースト,くさ,しぜんかいふく,おみとおし,しゅうかく,9,85,110,76,65,82,56
,0710-000,710,0,バケッチャ,ふつうのサイズ,バケッチャ(ふつう),,かぼちゃポケモン,5.0,0.4,ゴースト,くさ,ものひろい,おみとおし,ふみん,8,49,66,70,44,55,51
,0710-001,710,1,バケッチャ,ちいさいサイズ,バケッチャ(ちいさい),,,0.0,0.0,,,ふみん,,,8,44,66,70,44,55,56
,0710-002,710,2,バケッチャ,おおきいサイズ,バケッチャ(おおきい),,,0.0,0.0,,,ふみん,,,8,54,66,70,44,55,46
,0710-003,710,3,バケッチャ,とくだいサイズ,バケッチャ(とくだい),,,0.0,0.0,,,ふみん,,,8,59,66,70,44,55,41
,0711-000,711,0,パンプジン,ふつうのサイズ,パンプジン(ふつう),,かぼちゃポケモン,12.5,0.9,ゴースト,くさ,ものひろい,おみとおし,ふみん,8,65,90,122,58,75,84
,0711-001,711,1,パンプジン,ちいさいサイズ,パンプジン(ちいさい),,,0.0,0.0,,,ふみん,,,8,55,85,122,58,75,99
,0711-002,711,2,パンプジン,おおきいサイズ,パンプジン(おおきい),,,0.0,0.0,,,ふみん,,,8,75,95,122,58,75,69
,0711-003,711,3,パンプジン,とくだいサイズ,パンプジン(とくだい),,,0.0,0.0,,,ふみん,,,8,85,100,122,58,75,54
607.0,0712-000,712,0,カチコール,,カチコール,pm0712_00_00_00.png,ひょうかいポケモン,99.5,1.0,こおり,,マイペース,アイスボディ,がんじょう,9,55,69,85,32,35,28
608.0,0713-000,713,0,クレベース,,クレベース,pm0713_00_00_00.png,ひょうざんポケモン,505.0,2.0,こおり,,マイペース,アイスボディ,がんじょう,9,95,117,184,44,46,28
609.0,0713-001,713,1,クレベース,ヒスイのすがた,クレベース(ヒスイ),pm0713_00_41_00.png,ひょうざんポケモン,262.4,1.4,こおり,いわ,がんじょうあご,アイスボディ,がんじょう,9,95,127,184,34,36,38
589.0,0714-000,714,0,オンバット,,オンバット,pm0714_00_00_00.png,おんぱポケモン,8.0,0.5,ひこう,ドラゴン,おみとおし,すりぬけ,テレパシー,9,40,30,35,45,40,55
617.0,0715-000,715,0,オンバーン,,オンバーン,pm0715_00_00_00.png,おんぱポケモン,85.0,1.5,ひこう,ドラゴン,おみとおし,すりぬけ,テレパシー,9,85,70,80,97,80,123
,0716-000,716,0,ゼルネアス,リラックスモード,ゼルネアス,,せいめいポケモン,215.0,3.0,フェアリー,,フェアリーオーラ,,,8,126,131,95,131,98,99
,0717-000,717,0,イベルタル,,イベルタル,,はかいポケモン,203.0,5.8,あく,ひこう,ダークオーラ,,,8,126,131,95,131,98,99
,0718-000,718,0,ジガルデ,５０％フォルム,ジガルデ(５０％),,ちつじょポケモン,305.0,5.0,ドラゴン,じめん,オーラブレイク,スワームチェンジ,,8,108,100,121,81,95,95
,0718-001,718,1,ジガルデ,１０％フォルム,ジガルデ(１０％),,ちつじょポケモン,33.5,1.2,ドラゴン,じめん,オーラブレイク,スワームチェンジ,,8,54,100,71,61,85,115
,0718-004,718,4,ジガルデ,パーフェクトフォルム,ジガルデ(パーフェクト),,ちつじょポケモン,610.0,4.5,ドラゴン,じめん,スワームチェンジ,,,8,216,100,121,91,95,85
625.0,0719-000,719,0,ディアンシー,,ディアンシー,pm0719_00_00_00.png,ほうせきポケモン,8.8,0.7,いわ,フェアリー,クリアボディ,,,9,50,100,150,100,150,50
,0719-001,719,1,ディアンシー,メガディアンシー,メガディアンシー,,ほうせきポケモン,27.8,1.1,いわ,フェアリー,マジックミラー,クリアボディ,,7,50,100,150,100,150,50
627.0,0720-000,720,0,フーパ,いましめられしフーパ,フーパ(いましめられし),pm0720_11_00_00.png,いたずらポケモン,9.0,0.5,エスパー,ゴースト,マジシャン,,,9,80,110,60,150,130,70
628.0,0720-001,720,1,フーパ,ときはなたれしフーパ,フーパ(ときはなたれし),pm0720_12_00_00.png,まじんポケモン,490.0,6.5,エスパー,あく,マジシャン,,,9,80,160,60,170,130,80
626.0,0721-000,721,0,ボルケニオン,,ボルケニオン,pm0721_00_00_00.png,スチームポケモン,195.0,1.7,ほのお,みず,ちょすい,,,9,80,110,120,130,90,70
675.0,0722-000,722,0,モクロー,,モクロー,pm0722_00_00_00.png,くさばねポケモン,1.5,0.3,くさ,ひこう,しんりょく,えんかく,,9,68,55,55,50,50,42
676.0,0723-000,723,0,フクスロー,,フクスロー,pm0723_00_00_00.png,はばねポケモン,16.0,0.7,くさ,ひこう,しんりょく,えんかく,,9,78,75,75,70,70,52
677.0,0724-000,724,0,ジュナイパー,,ジュナイパー,pm0724_00_00_00.png,やばねポケモン,36.6,1.6,くさ,ゴースト,しんりょく,えんかく,,9,78,107,75,100,100,70
678.0,0724-001,724,1,ジュナイパー,ヒスイのすがた,ジュナイパー(ヒスイ),pm0724_00_41_00.png,やばねポケモン,37.0,1.6,くさ,かくとう,しんりょく,えんかく,きもったま,9,88,112,80,95,95,60
679.0,0725-000,725,0,ニャビー,,ニャビー,pm0725_00_00_00.png,ひねこポケモン,4.3,0.4,ほのお,,もうか,いかく,,9,45,65,40,60,40,70
680.0,0726-000,726,0,ニャヒート,,ニャヒート,pm0726_00_00_00.png,ひねこポケモン,25.0,0.7,ほのお,,もうか,いかく,,9,65,85,50,80,50,90
681.0,0727-000,727,0,ガオガエン,,ガオガエン,pm0727_00_00_00.png,ヒールポケモン,83.0,1.8,ほのお,あく,もうか,いかく,,9,95,115,90,80,90,60
682.0,0728-000,728,0,アシマリ,,アシマリ,pm0728_00_00_00.png,あしかポケモン,7.5,0.4,みず,,げきりゅう,うるおいボイス,,9,50,54,54,66,56,40
683.0,0729-000,729,0,オシャマリ,,オシャマリ,pm0729_00_00_00.png,アイドルポケモン,17.5,0.6,みず,,げきりゅう,うるおいボイス,,9,60,69,69,91,81,50
684.0,0730-000,730,0,アシレーヌ,,アシレーヌ,pm0730_00_00_00.png,ソリストポケモン,44.0,1.8,みず,フェアリー,げきりゅう,うるおいボイス,,9,80,74,74,126,116,60
633.0,0731-000,731,0,ツツケラ,,ツツケラ,pm0731_00_00_00.png,きつつきポケモン,1.2,0.3,ノーマル,ひこう,するどいめ,スキルリンク,ものひろい,9,35,75,30,30,30,65
634.0,0732-000,732,0,ケララッパ,,ケララッパ,pm0732_00_00_00.png,ラッパぐちポケモン,14.8,0.6,ノーマル,ひこう,するどいめ,スキルリンク,ものひろい,9,55,85,50,40,50,75
635.0,0733-000,733,0,ドデカバシ,,ドデカバシ,pm0733_00_00_00.png,おおづつポケモン,26.0,1.1,ノーマル,ひこう,するどいめ,スキルリンク,ちからずく,9,80,120,75,75,75,60
661.0,0734-000,734,0,ヤングース,,ヤングース,pm0734_00_00_00.png,うろつきポケモン,6.0,0.4,ノーマル,,はりこみ,がんじょうあご,てきおうりょく,9,48,70,30,30,30,45
662.0,0735-000,735,0,デカグース,,デカグース,pm0735_00_00_00.png,はりこみポケモン,14.2,0.7,ノーマル,,はりこみ,がんじょうあご,てきおうりょく,9,88,110,60,55,60,45
670.0,0736-000,736,0,アゴジムシ,,アゴジムシ,pm0736_00_00_00.png,ようちゅうポケモン,4.4,0.4,むし,,むしのしらせ,,,9,47,62,45,55,45,46
671.0,0737-000,737,0,デンヂムシ,,デンヂムシ,pm0737_00_00_00.png,バッテリーポケモン,10.5,0.5,むし,でんき,バッテリー,,,9,57,82,95,55,75,36
672.0,0738-000,738,0,クワガノン,,クワガノン,pm0738_00_00_00.png,くわがたポケモン,45.0,1.5,むし,でんき,ふゆう,,,9,77,70,90,145,75,43
688.0,0739-000,739,0,マケンカニ,,マケンカニ,pm0739_00_00_00.png,けんとうポケモン,7.0,0.6,かくとう,,かいりきバサミ,てつのこぶし,いかりのつぼ,9,47,82,57,42,47,63
689.0,0740-000,740,0,ケケンカニ,,ケケンカニ,pm0740_00_00_00.png,けがにポケモン,180.0,1.7,かくとう,こおり,かいりきバサミ,てつのこぶし,いかりのつぼ,9,97,132,77,62,67,43
657.0,0741-000,741,0,オドリドリ,めらめらスタイル,オドリドリ(めらめら),pm0741_11_00_00.png,ダンスポケモン,3.4,0.6,ほのお,ひこう,おどりこ,,,9,75,70,70,98,70,93
658.0,0741-001,741,1,オドリドリ,ぱちぱちスタイル,オドリドリ(ぱちぱち),pm0741_12_00_00.png,ダンスポケモン,3.4,0.6,でんき,ひこう,おどりこ,,,9,75,70,70,98,70,93
659.0,0741-002,741,2,オドリドリ,ふらふらスタイル,オドリドリ(ふらふら),pm0741_13_00_00.png,ダンスポケモン,3.4,0.6,エスパー,ひこう,おどりこ,,,9,75,70,70,98,70,93
660.0,0741-003,741,3,オドリドリ,まいまいスタイル,オドリドリ(まいまい),pm0741_14_00_00.png,ダンスポケモン,3.4,0.6,ゴースト,ひこう,おどりこ,,,9,75,70,70,98,70,93
668.0,0742-000,742,0,アブリー,,アブリー,pm0742_00_00_00.png,ツリアブポケモン,0.2,0.1,むし,フェアリー,みつあつめ,りんぷん,スイートベール,9,40,45,40,55,40,84
669.0,0743-000,743,0,アブリボン,,アブリボン,pm0743_00_00_00.png,ツリアブポケモン,0.5,0.2,むし,フェアリー,みつあつめ,りんぷん,スイートベール,9,60,55,60,95,70,124
663.0,0744-000,744,0,イワンコ,,イワンコ,pm0744_00_00_00.png,こいぬポケモン,9.2,0.5,いわ,,するどいめ,やるき,ふくつのこころ,9,45,65,40,30,40,60
665.0,0745-000,745,0,ルガルガン,まひるのすがた,ルガルガン(まひる),pm0745_11_00_00.png,オオカミポケモン,25.0,0.8,いわ,,するどいめ,すなかき,ふくつのこころ,9,75,115,65,55,65,112
666.0,0745-001,745,1,ルガルガン,まよなかのすがた,ルガルガン(まよなか),pm0745_12_00_00.png,オオカミポケモン,25.0,1.1,いわ,,するどいめ,やるき,ノーガード,9,85,115,75,55,75,82
667.0,0745-002,745,2,ルガルガン,たそがれのすがた,ルガルガン(たそがれ),pm0745_13_00_00.png,オオカミポケモン,25.0,0.8,いわ,,かたいツメ,,,9,75,117,65,55,65,110
,0746-000,746,0,ヨワシ,たんどくのすがた,ヨワシ(たんどく),,こざかなポケモン,0.3,0.2,みず,,ぎょぐん,,,8,45,20,20,25,25,40
,0746-001,746,1,ヨワシ,むれたすがた,ヨワシ(むれ),,こざかなポケモン,78.6,8.2,みず,,ぎょぐん,,,8,45,140,130,140,135,30
629.0,0747-000,747,0,ヒドイデ,,ヒドイデ,pm0747_00_00_00.png,ヒトデナシポケモン,8.0,0.4,どく,みず,ひとでなし,じゅうなん,さいせいりょく,9,50,53,62,43,52,45
630.0,0748-000,748,0,ドヒドイデ,,ドヒドイデ,pm0748_00_00_00.png,ヒトデナシポケモン,14.5,0.7,どく,みず,ひとでなし,じゅうなん,さいせいりょく,9,50,63,152,53,142,35
673.0,0749-000,749,0,ドロバンコ,,ドロバンコ,pm0749_00_00_00.png,うさぎうまポケモン,110.0,1.0,じめん,,マイペース,じきゅうりょく,せいしんりょく,9,70,100,70,45,55,45
674.0,0750-000,750,0,バンバドロ,,バンバドロ,pm0750_00_00_00.png,ばんばポケモン,920.0,2.5,じめん,,マイペース,じきゅうりょく,せいしんりょく,9,100,125,100,55,85,35
685.0,0751-000,751,0,シズクモ,,シズクモ,pm0751_00_00_00.png,すいほうポケモン,4.0,0.3,みず,むし,すいほう,ちょすい,,9,38,40,52,40,72,27
686.0,0752-000,752,0,オニシズクモ,,オニシズクモ,pm0752_00_00_00.png,すいほうポケモン,82.0,1.8,みず,むし,すいほう,ちょすい,,9,68,70,92,50,132,42
694.0,0753-000,753,0,カリキリ,,カリキリ,pm0753_00_00_00.png,かまくさポケモン,1.5,0.3,くさ,,リーフガード,あまのじゃく,,9,40,55,35,50,35,35
695.0,0754-000,754,0,ラランテス,,ラランテス,pm0754_00_00_00.png,はなかまポケモン,18.5,0.9,くさ,,リーフガード,あまのじゃく,,9,70,105,90,80,90,45
,0755-000,755,0,ネマシュ,,ネマシュ,,はっこうポケモン,1.5,0.2,くさ,フェアリー,はっこう,ほうし,あめうけざら,8,40,35,55,65,75,15
,0756-000,756,0,マシェード,,マシェード,,はっこうポケモン,11.5,1.0,くさ,フェアリー,はっこう,ほうし,あめうけざら,8,60,45,80,90,100,30
631.0,0757-000,757,0,ヤトウモリ,,ヤトウモリ,pm0757_00_00_00.png,どくトカゲポケモン,4.8,0.6,どく,ほのお,ふしょく,どんかん,,9,48,44,40,71,40,77
632.0,0758-000,758,0,エンニュート,,エンニュート,pm0758_00_00_00.png,どくトカゲポケモン,22.2,1.2,どく,ほのお,ふしょく,どんかん,,9,68,64,60,111,60,117
,0759-000,759,0,ヌイコグマ,,ヌイコグマ,,じたばたポケモン,6.8,0.5,ノーマル,かくとう,もふもふ,ぶきよう,メロメロボディ,8,70,75,50,45,50,50
,0760-000,760,0,キテルグマ,,キテルグマ,,ごうわんポケモン,135.0,2.1,ノーマル,かくとう,もふもふ,ぶきよう,きんちょうかん,8,120,125,80,55,60,60
638.0,0761-000,761,0,アマカジ,,アマカジ,pm0761_00_00_00.png,フルーツポケモン,3.2,0.3,くさ,,リーフガード,どんかん,スイートベール,9,42,30,38,30,38,32
639.0,0762-000,762,0,アママイコ,,アママイコ,pm0762_00_00_00.png,フルーツポケモン,8.2,0.7,くさ,,リーフガード,どんかん,スイートベール,9,52,40,48,40,48,62
640.0,0763-000,763,0,アマージョ,,アマージョ,pm0763_00_00_00.png,フルーツポケモン,21.4,1.2,くさ,,リーフガード,じょおうのいげん,スイートベール,9,72,120,98,50,98,72
690.0,0764-000,764,0,キュワワー,,キュワワー,pm0764_00_00_00.png,はなつみポケモン,0.3,0.1,フェアリー,,フラワーベール,ヒーリングシフト,しぜんかいふく,9,51,52,90,82,110,100
636.0,0765-000,765,0,ヤレユータン,,ヤレユータン,pm0765_00_00_00.png,けんじゃポケモン,76.0,1.5,ノーマル,エスパー,せいしんりょく,テレパシー,きょうせい,9,90,60,80,90,110,60
641.0,0766-000,766,0,ナゲツケサル,,ナゲツケサル,pm0766_00_00_00.png,れんけいポケモン,82.8,2.0,かくとう,,レシーバー,まけんき,,9,100,120,90,40,60,80
,0767-000,767,0,コソクムシ,,コソクムシ,,そうこうポケモン,12.0,0.5,むし,みず,にげごし,,,8,25,35,40,20,30,80
,0768-000,768,0,グソクムシャ,,グソクムシャ,,そうこうポケモン,108.0,2.0,むし,みず,ききかいひ,,,8,75,125,140,60,90,40
646.0,0769-000,769,0,スナバァ,,スナバァ,pm0769_00_00_00.png,すなやまポケモン,70.0,0.5,ゴースト,じめん,みずがため,すながくれ,,9,55,55,80,70,45,15
647.0,0770-000,770,0,シロデスナ,,シロデスナ,pm0770_00_00_00.png,すなのしろポケモン,250.0,1.3,ゴースト,じめん,みずがため,すながくれ,,9,85,75,110,100,75,35
,0771-000,771,0,ナマコブシ,,ナマコブシ,,なまこポケモン,1.2,0.3,みず,,とびだすなかみ,てんねん,,8,55,60,130,30,130,5
,0772-000,772,0,タイプ：ヌル,,タイプ：ヌル,,じんこうポケモン,120.5,1.9,ノーマル,,カブトアーマー,,,8,95,95,95,95,95,59
,0773-000,773,0,シルヴァディ,タイプ：ノーマル,シルヴァディ,,じんこうポケモン,100.5,2.3,ノーマル,,ＡＲシステム,ARシステム,,8,95,95,95,95,95,95
649.0,0774-000,774,0,メテノ,りゅうせいのすがた,メテノ(りゅうせい),pm0774_11_00_00.png,ながれぼしポケモン,40.0,0.3,いわ,ひこう,リミットシールド,,,9,60,60,100,60,100,60
650.0,0774-007,774,7,メテノ,あかいろのコア,メテノ(コア),pm0774_12_00_00.png,ながれぼしポケモン,0.3,0.3,いわ,ひこう,リミットシールド,,,9,60,100,60,100,60,120
651.0,0774-007,774,7,メテノ,だいだいいろのコア,メテノ(コア),pm0774_12_00_01.png,ながれぼしポケモン,0.3,0.3,いわ,ひこう,リミットシールド,,,9,60,100,60,100,60,120
652.0,0774-007,774,7,メテノ,きいろのコア,メテノ(コア),pm0774_12_00_02.png,ながれぼしポケモン,0.3,0.3,いわ,ひこう,リミットシールド,,,9,60,100,60,100,60,120
653.0,0774-007,774,7,メテノ,みどりいろのコア,メテノ(コア),pm0774_12_00_03.png,ながれぼしポケモン,0.3,0.3,いわ,ひこう,リミットシールド,,,9,60,100,60,100,60,120
654.0,0774-007,774,7,メテノ,みずいろのコア,メテノ(コア),pm0774_12_00_04.png,ながれぼしポケモン,0.3,0.3,いわ,ひこう,リミットシールド,,,9,60,100,60,100,60,120
655.0,0774-007,774,7,メテノ,あおいろのコア,メテノ(コア),pm0774_12_00_05.png,ながれぼしポケモン,0.3,0.3,いわ,ひこう,リミットシールド,,,9,60,100,60,100,60,120
656.0,0774-007,774,7,メテノ,むらさきいろのコア,メテノ(コア),pm0774_12_00_06.png,ながれぼしポケモン,0.3,0.3,いわ,ひこう,リミットシールド,,,9,60,100,60,100,60,120
637.0,0775-000,775,0,ネッコアラ,,ネッコアラ,pm0775_00_00_00.png,ゆめうつつポケモン,19.9,0.4,ノーマル,,ぜったいねむり,,,9,65,115,65,75,95,65
,0776-000,776,0,バクガメス,,バクガメス,,ばくはつがめポケモン,212.0,2.0,ほのお,ドラゴン,シェルアーマー,,,8,60,78,135,91,85,36
,0777-000,777,0,トゲデマル,,トゲデマル,,まるまりポケモン,3.3,0.3,でんき,はがね,てつのトゲ,ひらいしん,がんじょう,8,65,98,63,40,73,96
645.0,0778-000,778,0,ミミッキュ,,ミミッキュ,pm0778_11_00_00.png,ばけのかわポケモン,0.7,0.2,ゴースト,フェアリー,ばけのかわ,,,9,55,90,80,50,105,96
687.0,0779-000,779,0,ハギギシリ,,ハギギシリ,pm0779_00_00_00.png,はぎしりポケモン,19.0,0.9,みず,エスパー,ビビッドボディ,がんじょうあご,ミラクルスキン,9,68,105,70,70,70,92
,0780-000,780,0,ジジーロン,,ジジーロン,,ゆうゆうポケモン,185.0,3.0,ノーマル,ドラゴン,ぎゃくじょう,そうしょく,ノーてんき,8,78,60,85,135,91,36
,0781-000,781,0,ダダリン,,ダダリン,,もくずポケモン,210.0,3.9,ゴースト,くさ,はがねつかい,,,8,70,131,100,86,90,40
642.0,0782-000,782,0,ジャラコ,,ジャラコ,pm0782_00_00_00.png,うろこポケモン,29.7,0.6,ドラゴン,,ぼうだん,ぼうおん,ぼうじん,8,45,55,65,45,45,45
643.0,0783-000,783,0,ジャランゴ,,ジャランゴ,pm0783_00_00_00.png,うろこポケモン,47.0,1.2,ドラゴン,かくとう,ぼうだん,ぼうおん,ぼうじん,8,55,75,90,65,70,65
644.0,0784-000,784,0,ジャラランガ,,ジャラランガ,pm0784_00_00_00.png,うろこポケモン,78.2,1.6,ドラゴン,かくとう,ぼうだん,ぼうおん,ぼうじん,8,75,110,125,100,105,85
,0785-000,785,0,カプ・コケコ,,カプ・コケコ,,とちがみポケモン,20.5,1.8,でんき,フェアリー,エレキメイカー,テレパシー,,9,70,115,85,95,75,130
,0786-000,786,0,カプ・テテフ,,カプ・テテフ,,とちがみポケモン,18.6,1.2,エスパー,フェアリー,サイコメイカー,テレパシー,,9,70,85,75,130,115,95
,0787-000,787,0,カプ・ブルル,,カプ・ブルル,,とちがみポケモン,45.5,1.9,くさ,フェアリー,グラスメイカー,テレパシー,,9,70,130,115,85,95,75
,0788-000,788,0,カプ・レヒレ,,カプ・レヒレ,,とちがみポケモン,21.2,1.3,みず,フェアリー,ミストメイカー,テレパシー,,9,70,75,115,95,130,85
696.0,0789-000,789,0,コスモッグ,,コスモッグ,pm0789_00_00_00.png,せいうんポケモン,0.1,0.2,エスパー,,てんねん,,,9,43,29,31,29,31,37
697.0,0790-000,790,0,コスモウム,,コスモウム,pm0790_00_00_00.png,げんしせいポケモン,999.9,0.1,エスパー,,がんじょう,,,9,43,29,131,29,131,37
698.0,0791-000,791,0,ソルガレオ,,ソルガレオ,pm0791_00_00_00.png,にちりんポケモン,230.0,3.4,エスパー,はがね,メタルプロテクト,,,9,137,137,107,113,89,97
699.0,0792-000,792,0,ルナアーラ,,ルナアーラ,pm0792_00_00_00.png,がちりんポケモン,120.0,4.0,エスパー,ゴースト,ファントムガード,,,9,137,113,89,137,107,97
,0793-000,793,0,ウツロイド,,ウツロイド,,きせいポケモン,55.5,1.2,いわ,どく,ビーストブースト,,,8,109,53,47,127,131,103
,0794-000,794,0,マッシブーン,,マッシブーン,,ぼうちょうポケモン,333.6,2.4,むし,かくとう,ビーストブースト,,,8,107,139,139,53,53,79
,0795-000,795,0,フェローチェ,,フェローチェ,,えんびポケモン,25.0,1.8,むし,かくとう,ビーストブースト,,,8,71,137,37,137,37,151
,0796-000,796,0,デンジュモク,,デンジュモク,,でんしょくポケモン,100.0,3.8,でんき,,ビーストブースト,,,8,83,89,71,173,71,83
,0797-000,797,0,テッカグヤ,,テッカグヤ,,うちあげポケモン,999.9,9.2,はがね,ひこう,ビーストブースト,,,8,97,101,103,107,101,61
,0798-000,798,0,カミツルギ,,カミツルギ,,ばっとうポケモン,0.1,0.3,くさ,はがね,ビーストブースト,,,8,59,181,131,59,31,109
,0799-000,799,0,アクジキング,,アクジキング,,あくじきポケモン,888.0,5.5,あく,ドラゴン,ビーストブースト,,,8,223,101,53,97,53,43
691.0,0800-000,800,0,ネクロズマ,,ネクロズマ,pm0800_11_00_00.png,プリズムポケモン,230.0,2.4,エスパー,,プリズムアーマー,,,9,97,107,101,127,89,79
692.0,0800-001,800,1,ネクロズマ,たそがれのたてがみ,ネクロズマ(たそがれ),pm0800_12_00_00.png,プリズムポケモン,460.0,3.8,エスパー,はがね,プリズムアーマー,,,9,97,157,127,113,109,77
693.0,0800-002,800,2,ネクロズマ,あかつきのつばさ,ネクロズマ(あかつき),pm0800_13_00_00.png,プリズムポケモン,350.0,4.2,エスパー,ゴースト,プリズムアーマー,,,9,97,113,109,157,127,77
,0800-003,800,3,ネクロズマ,ウルトラネクロズマ,ネクロズマ(ウルトラネクロズマ),,プリズムポケモン,230.0,7.5,エスパー,ドラゴン,ブレインフォース,プリズムアーマー,,9,97,107,101,127,89,79
700.0,0801-000,801,0,マギアナ,,マギアナ,pm0801_11_00_00.png,じんぞうポケモン,80.5,1.0,はがね,フェアリー,ソウルハート,,,9,80,95,115,130,115,65
701.0,0801-000,801,1,マギアナ,500ねんまえのいろ,マギアナ,pm0801_12_00_00.png,じんぞうポケモン,80.5,1.0,はがね,フェアリー,ソウルハート,,,9,80,95,115,130,115,65
,0802-000,802,0,マーシャドー,,マーシャドー,,かげすみポケモン,22.2,0.7,かくとう,ゴースト,テクニシャン,,,8,90,125,80,90,90,125
,0803-000,803,0,ベベノム,,ベベノム,,どくばりポケモン,1.8,0.6,どく,,ビーストブースト,,,8,67,73,67,73,67,73
,0804-000,804,0,アーゴヨン,,アーゴヨン,,どくばりポケモン,150.0,3.6,どく,ドラゴン,ビーストブースト,,,8,73,73,73,127,73,121
,0805-000,805,0,ツンデツンデ,,ツンデツンデ,,いしがきポケモン,820.0,5.5,いわ,はがね,ビーストブースト,,,8,61,131,211,53,101,13
,0806-000,806,0,ズガドーン,,ズガドーン,,はなびポケモン,13.0,1.8,ほのお,ゴースト,ビーストブースト,,,8,53,127,53,151,79,107
,0807-000,807,0,ゼラオラ,,ゼラオラ,,じんらいポケモン,44.5,1.5,でんき,,ちくでん,,,8,88,112,75,102,80,143
,0808-000,808,0,メルタン,,メルタン,,ナットポケモン,8.0,0.2,はがね,,じりょく,,,8,46,65,65,55,35,34
,0809-000,809,0,メルメタル,,メルメタル,,ナットポケモン,800.0,2.5,はがね,,てつのこぶし,,,8,135,143,143,80,65,34
,0809-999,809,999,メルメタル,キョダイマックス,メルメタル(キョダイ),,ナットポケモン,9999.9,25.0,はがね,,てつのこぶし,,,8,135,143,143,80,65,34
749.0,0810-000,810,0,サルノリ,,サルノリ,pm0810_00_00_00.png,こざるポケモン,5.0,0.3,くさ,,しんりょく,グラスメイカー,,9,50,65,50,40,40,65
750.0,0811-000,811,0,バチンキー,,バチンキー,pm0811_00_00_00.png,ビートポケモン,14.0,0.7,くさ,,しんりょく,グラスメイカー,,9,70,85,70,55,60,80
751.0,0812-000,812,0,ゴリランダー,,ゴリランダー,pm0812_00_00_00.png,ドラマーポケモン,90.0,2.1,くさ,,しんりょく,グラスメイカー,,9,100,125,90,60,70,85
,0812-999,812,999,ゴリランダー,キョダイマックス,ゴリランダー(キョダイ),,-,9999.9,28.0,くさ,,しんりょく,グラスメイカー,,8,100,125,90,60,70,85
755.0,0813-000,813,0,ヒバニー,,ヒバニー,pm0813_00_00_00.png,うさぎポケモン,4.5,0.3,ほのお,,もうか,リベロ,,9,50,71,40,40,40,69
756.0,0814-000,814,0,ラビフット,,ラビフット,pm0814_00_00_00.png,うさぎポケモン,9.0,0.6,ほのお,,もうか,リベロ,,9,65,86,60,55,60,94
757.0,0815-000,815,0,エースバーン,,エースバーン,pm0815_00_00_00.png,ストライカーポケモン,33.0,1.4,ほのお,,もうか,リベロ,,9,80,116,75,65,75,119
,0815-999,815,999,エースバーン,キョダイマックス,エースバーン(キョダイ),,-,9999.9,27.0,ほのお,,もうか,リベロ,,8,80,116,75,65,75,119
752.0,0816-000,816,0,メッソン,,メッソン,pm0816_00_00_00.png,みずとかげポケモン,4.0,0.3,みず,,げきりゅう,スナイパー,,9,50,40,40,70,40,70
753.0,0817-000,817,0,ジメレオン,,ジメレオン,pm0817_00_00_00.png,みずとかげポケモン,11.5,0.7,みず,,げきりゅう,スナイパー,,9,65,60,55,95,55,90
754.0,0818-000,818,0,インテレオン,,インテレオン,pm0818_00_00_00.png,エージェントポケモン,45.2,1.9,みず,,げきりゅう,スナイパー,,9,70,85,65,125,65,120
,0818-999,818,999,インテレオン,キョダイマックス,インテレオン(キョダイ),,-,9999.9,40.0,みず,,げきりゅう,スナイパー,,8,70,85,65,125,65,120
704.0,0819-000,819,0,ホシガリス,,ホシガリス,pm0819_00_00_00.png,ほおばりポケモン,2.5,0.3,ノーマル,,ほおぶくろ,くいしんぼう,,9,70,55,55,35,35,25
705.0,0820-000,820,0,ヨクバリス,,ヨクバリス,pm0820_00_00_00.png,よくばりポケモン,6.0,0.6,ノーマル,,ほおぶくろ,くいしんぼう,,9,120,95,95,55,75,20
711.0,0821-000,821,0,ココガラ,,ココガラ,pm0821_00_00_00.png,ことりポケモン,1.8,0.2,ひこう,,するどいめ,きんちょうかん,はとむね,9,38,47,35,33,35,57
712.0,0822-000,822,0,アオガラス,,アオガラス,pm0822_00_00_00.png,カラスポケモン,16.0,0.8,ひこう,,するどいめ,きんちょうかん,はとむね,9,68,67,55,43,55,77
713.0,0823-000,823,0,アーマーガア,,アーマーガア,pm0823_00_00_00.png,カラスポケモン,75.0,2.2,ひこう,はがね,プレッシャー,きんちょうかん,ミラーアーマー,9,98,87,105,53,85,67
,0823-999,823,999,アーマーガア,キョダイマックス,アーマーガア(キョダイ),,-,9999.9,14.0,ひこう,はがね,プレッシャー,きんちょうかん,ミラーアーマー,8,98,87,105,53,85,67
,0824-000,824,0,サッチムシ,,サッチムシ,,ようちゅうポケモン,8.0,0.4,むし,,むしのしらせ,ふくがん,テレパシー,8,25,20,20,25,45,45
,0825-000,825,0,レドームシ,,レドームシ,,レドームポケモン,19.5,0.4,むし,エスパー,むしのしらせ,ふくがん,テレパシー,8,50,35,80,50,90,30
,0826-000,826,0,イオルブ,,イオルブ,,ななほしポケモン,40.8,0.4,むし,エスパー,むしのしらせ,おみとおし,テレパシー,8,60,45,110,80,120,90
,0826-999,826,999,イオルブ,キョダイマックス,イオルブ(キョダイ),,-,9999.9,14.0,むし,エスパー,むしのしらせ,おみとおし,テレパシー,8,60,45,110,80,120,90
,0827-000,827,0,クスネ,,クスネ,,きつねポケモン,8.9,0.6,あく,,にげあし,かるわざ,はりこみ,8,40,28,28,47,52,50
,0828-000,828,0,フォクスライ,,フォクスライ,,きつねポケモン,19.9,1.2,あく,,にげあし,かるわざ,はりこみ,8,70,58,58,87,92,90
,0829-000,829,0,ヒメンカ,,ヒメンカ,,はなかざりポケモン,2.2,0.4,くさ,,わたげ,さいせいりょく,ほうし,8,40,40,60,40,60,10
,0830-000,830,0,ワタシラガ,,ワタシラガ,,わたかざりポケモン,2.5,0.5,くさ,,わたげ,さいせいりょく,ほうし,8,60,50,90,80,120,60
,0831-000,831,0,ウールー,,ウールー,,ひつじポケモン,6.0,0.6,ノーマル,,もふもふ,にげあし,ぼうだん,8,42,40,55,40,45,48
,0832-000,832,0,バイウールー,,バイウールー,,ひつじポケモン,43.0,1.3,ノーマル,,もふもふ,ふくつのこころ,ぼうだん,8,72,80,100,60,90,88
702.0,0833-000,833,0,カムカメ,,カムカメ,pm0833_00_00_00.png,くいつきポケモン,8.5,0.3,みず,,がんじょうあご,シェルアーマー,すいすい,9,50,64,50,38,38,44
703.0,0834-000,834,0,カジリガメ,,カジリガメ,pm0834_00_00_00.png,かみつきポケモン,115.5,1.0,みず,いわ,がんじょうあご,シェルアーマー,すいすい,9,90,115,90,48,68,74
,0834-999,834,999,カジリガメ,キョダイマックス,カジリガメ(キョダイ),,-,9999.9,24.0,みず,いわ,がんじょうあご,シェルアーマー,すいすい,8,90,115,90,48,68,74
,0835-000,835,0,ワンパチ,,ワンパチ,,こいぬポケモン,13.5,0.3,でんき,,たまひろい,びびり,,8,59,45,50,40,50,26
,0836-000,836,0,パルスワン,,パルスワン,,いぬポケモン,34.0,1.0,でんき,,がんじょうあご,かちき,,8,69,90,60,90,60,121
731.0,0837-000,837,0,タンドン,,タンドン,pm0837_00_00_00.png,せきたんポケモン,12.0,0.3,いわ,,じょうききかん,たいねつ,もらいび,9,30,40,50,40,50,30
732.0,0838-000,838,0,トロッゴン,,トロッゴン,pm0838_00_00_00.png,せきたんポケモン,78.0,1.1,いわ,ほのお,じょうききかん,ほのおのからだ,もらいび,9,80,60,90,60,70,50
733.0,0839-000,839,0,セキタンザン,,セキタンザン,pm0839_00_00_00.png,せきたんポケモン,310.5,2.8,いわ,ほのお,じょうききかん,ほのおのからだ,もらいび,9,110,80,120,80,90,30
,0839-999,839,999,セキタンザン,キョダイマックス,セキタンザン(キョダイ),,-,9999.9,42.0,いわ,ほのお,じょうききかん,ほのおのからだ,もらいび,8,110,80,120,80,90,30
761.0,0840-000,840,0,カジッチュ,,カジッチュ,pm0840_00_00_00.png,りんごぐらしポケモン,0.5,0.2,くさ,ドラゴン,じゅくせい,くいしんぼう,ぼうだん,9,40,40,80,40,40,20
762.0,0841-000,841,0,アップリュー,,アップリュー,pm0841_00_00_00.png,りんごはねポケモン,1.0,0.3,くさ,ドラゴン,じゅくせい,くいしんぼう,はりきり,9,70,110,80,95,60,70
,0841-999,841,999,アップリュー,キョダイマックス,アップリュー(キョダイ),,-,9999.9,24.0,くさ,ドラゴン,じゅくせい,くいしんぼう,はりきり,8,70,110,80,95,60,70
763.0,0842-000,842,0,タルップル,,タルップル,pm0842_00_00_00.png,りんごじるポケモン,13.0,0.4,くさ,ドラゴン,じゅくせい,くいしんぼう,あついしぼう,9,110,85,80,100,80,30
,0842-999,842,999,タルップル,キョダイマックス,タルップル(キョダイ),,-,9999.9,24.0,くさ,ドラゴン,じゅくせい,くいしんぼう,あついしぼう,8,110,85,80,100,80,30
734.0,0843-000,843,0,スナヘビ,,スナヘビ,pm0843_00_00_00.png,すなへびポケモン,7.6,2.2,じめん,,すなはき,だっぴ,すながくれ,9,52,57,75,35,50,46
735.0,0844-000,844,0,サダイジャ,,サダイジャ,pm0844_00_00_00.png,すなへびポケモン,65.5,3.8,じめん,,すなはき,だっぴ,すながくれ,9,72,107,125,65,70,71
,0844-999,844,999,サダイジャ,キョダイマックス,サダイジャ(キョダイ),,-,9999.9,22.0,じめん,,すなはき,だっぴ,すながくれ,8,72,107,125,65,70,71
708.0,0845-000,845,0,ウッウ,,ウッウ,pm0845_11_00_00.png,うのみポケモン,18.0,0.8,ひこう,みず,うのミサイル,,,9,70,85,55,85,95,85
706.0,0846-000,846,0,サシカマス,,サシカマス,pm0846_00_00_00.png,とつげきポケモン,1.0,0.5,みず,,すいすい,スクリューおびれ,,9,41,63,40,40,30,66
707.0,0847-000,847,0,カマスジョー,,カマスジョー,pm0847_00_00_00.png,くしざしポケモン,30.0,1.3,みず,,すいすい,スクリューおびれ,,9,61,123,60,60,50,136
714.0,0848-000,848,0,エレズン,,エレズン,pm0848_00_00_00.png,あかごポケモン,11.0,0.4,でんき,どく,びびり,せいでんき,ぶきよう,9,40,38,35,54,35,40
715.0,0849-000,849,0,ストリンダー,ハイなすがた,ストリンダー(ハイ),pm0849_11_00_00.png,パンクポケモン,40.0,1.6,でんき,どく,パンクロック,プラス,テクニシャン,9,75,98,70,114,70,75
716.0,0849-001,849,1,ストリンダー,ローなすがた,ストリンダー(ロー),pm0849_12_00_00.png,パンクポケモン,40.0,1.6,でんき,どく,パンクロック,マイナス,テクニシャン,9,75,98,70,114,70,75
,0849-999,849,999,ストリンダー,キョダイマックス,ストリンダー(キョダイ),,-,9999.9,24.0,でんき,どく,パンクロック,プラス,,0,0,0,0,0,0,0
,0850-000,850,0,ヤクデ,,ヤクデ,,はつねつポケモン,1.0,0.7,ほのお,むし,もらいび,しろいけむり,ほのおのからだ,8,50,65,45,50,50,45
,0851-000,851,0,マルヤクデ,,マルヤクデ,,はつねつポケモン,120.0,3.0,ほのお,むし,もらいび,しろいけむり,ほのおのからだ,8,100,115,65,90,90,65
,0851-999,851,999,マルヤクデ,キョダイマックス,マルヤクデ(キョダイ),,-,9999.9,75.0,ほのお,むし,もらいび,しろいけむり,ほのおのからだ,8,100,115,65,90,90,65
,0852-000,852,0,タタッコ,,タタッコ,,だだっこポケモン,4.0,0.6,かくとう,,じゅうなん,テクニシャン,,8,50,68,60,50,50,32
,0853-000,853,0,オトスパス,,オトスパス,,じゅうじゅつポケモン,39.0,1.6,かくとう,,じゅうなん,テクニシャン,,8,80,118,90,70,80,42
767.0,0854-000,854,0,ヤバチャ,,ヤバチャ,pm0854_11_00_00.png,こうちゃポケモン,0.2,0.1,ゴースト,,くだけるよろい,のろわれボディ,,9,40,45,45,74,54,50
768.0,0855-000,855,0,ポットデス,,ポットデス,pm0855_11_00_00.png,こうちゃポケモン,0.4,0.2,ゴースト,,くだけるよろい,のろわれボディ,,9,60,65,65,134,114,70
764.0,0856-000,856,0,ミブリム,,ミブリム,pm0856_00_00_00.png,おだやかポケモン,3.4,0.4,エスパー,,いやしのこころ,きけんよち,マジックミラー,9,42,30,45,56,53,39
765.0,0857-000,857,0,テブリム,,テブリム,pm0857_00_00_00.png,せいしゅくポケモン,4.8,0.6,エスパー,,いやしのこころ,きけんよち,マジックミラー,9,57,40,65,86,73,49
766.0,0858-000,858,0,ブリムオン,,ブリムオン,pm0858_00_00_00.png,せいじゃくポケモン,5.1,2.1,エスパー,フェアリー,いやしのこころ,きけんよち,マジックミラー,9,57,90,95,136,103,29
,0858-999,858,999,ブリムオン,キョダイマックス,ブリムオン(キョダイ),,-,9999.9,26.0,エスパー,フェアリー,いやしのこころ,きけんよち,マジックミラー,8,57,90,95,136,103,29
758.0,0859-000,859,0,ベロバー,,ベロバー,pm0859_00_00_00.png,いじわるポケモン,5.5,0.4,あく,フェアリー,いたずらごころ,おみとおし,わるいてぐせ,9,45,45,30,55,40,50
759.0,0860-000,860,0,ギモー,,ギモー,pm0860_00_00_00.png,しょうわるポケモン,12.5,0.8,あく,フェアリー,いたずらごころ,おみとおし,わるいてぐせ,9,65,60,45,75,55,70
760.0,0861-000,861,0,オーロンゲ,,オーロンゲ,pm0861_00_00_00.png,ビルドアップポケモン,61.0,1.5,あく,フェアリー,いたずらごころ,おみとおし,わるいてぐせ,9,95,120,65,95,75,60
,0861-999,861,999,オーロンゲ,キョダイマックス,オーロンゲ(キョダイ),,-,9999.9,32.0,あく,フェアリー,いたずらごころ,おみとおし,わるいてぐせ,8,95,120,65,95,75,60
,0862-000,862,0,タチフサグマ,,タチフサグマ,,ていしポケモン,46.0,1.6,あく,ノーマル,すてみ,こんじょう,まけんき,8,93,90,101,60,81,95
745.0,0863-000,863,0,ニャイキング,,ニャイキング,pm0863_00_31_00.png,バイキングポケモン,28.0,0.8,はがね,,カブトアーマー,かたいツメ,はがねのせいしん,9,70,110,100,50,60,50
,0864-000,864,0,サニゴーン,,サニゴーン,,さんごポケモン,0.4,1.0,ゴースト,,くだけるよろい,ほろびのボディ,,8,60,95,50,145,130,30
,0865-000,865,0,ネギガナイト,,ネギガナイト,,かるがもポケモン,117.0,0.8,かくとう,,ふくつのこころ,きもったま,,8,62,135,95,68,82,65
,0866-000,866,0,バリコオル,,バリコオル,,コメディアンポケモン,58.2,1.5,こおり,エスパー,ちどりあし,バリアフリー,アイスボディ,8,80,85,75,110,100,70
,0867-000,867,0,デスバーン,,デスバーン,,おんねんポケモン,66.6,1.6,じめん,ゴースト,さまようたましい,,,8,58,95,145,50,105,30
718.0,0868-000,868,0,マホミル,,マホミル,pm0868_00_00_00.png,クリームポケモン,0.3,0.2,フェアリー,,スイートベール,アロマベール,,9,45,40,40,50,61,34
719.0,0869-000,869,0,マホイップ,ミルキィバニラ,マホイップ,pm0869_11_00_00.png,クリームポケモン,0.5,0.3,フェアリー,,スイートベール,アロマベール,,9,65,60,75,110,121,64
720.0,0869-000,869,0,マホイップ,ミルキィルビー,マホイップ,pm0869_12_00_00.png,クリームポケモン,0.5,0.3,フェアリー,,スイートベール,アロマベール,,9,65,60,75,110,121,64
721.0,0869-000,869,0,マホイップ,ミルキィまっちゃ,マホイップ,pm0869_13_00_00.png,クリームポケモン,0.5,0.3,フェアリー,,スイートベール,アロマベール,,9,65,60,75,110,121,64
722.0,0869-000,869,0,マホイップ,ミルキィミント,マホイップ,pm0869_14_00_00.png,クリームポケモン,0.5,0.3,フェアリー,,スイートベール,アロマベール,,9,65,60,75,110,121,64
723.0,0869-000,869,0,マホイップ,ミルキィレモン,マホイップ,pm0869_15_00_00.png,クリームポケモン,0.5,0.3,フェアリー,,スイートベール,アロマベール,,9,65,60,75,110,121,64
724.0,0869-000,869,0,マホイップ,ミルキィソルト,マホイップ,pm0869_16_00_00.png,クリームポケモン,0.5,0.3,フェアリー,,スイートベール,アロマベール,,9,65,60,75,110,121,64
725.0,0869-000,869,0,マホイップ,ルビーミックス,マホイップ,pm0869_17_00_00.png,クリームポケモン,0.5,0.3,フェアリー,,スイートベール,アロマベール,,9,65,60,75,110,121,64
726.0,0869-000,869,0,マホイップ,キャラメルミックス,マホイップ,pm0869_18_00_00.png,クリームポケモン,0.5,0.3,フェアリー,,スイートベール,アロマベール,,9,65,60,75,110,121,64
727.0,0869-000,869,0,マホイップ,トリプルミックス,マホイップ,pm0869_19_00_00.png,クリームポケモン,0.5,0.3,フェアリー,,スイートベール,アロマベール,,9,65,60,75,110,121,64
,0869-999,869,999,マホイップ,キョダイマックス,マホイップ(キョダイ),,-,9999.9,30.0,フェアリー,,スイートベール,アロマベール,,8,65,60,75,110,121,64
717.0,0870-000,870,0,タイレーツ,,タイレーツ,pm0870_00_00_00.png,じんけいポケモン,62.0,3.0,かくとう,,カブトアーマー,まけんき,,9,65,100,100,70,60,75
746.0,0871-000,871,0,バチンウニ,,バチンウニ,pm0871_00_00_00.png,うにポケモン,1.0,0.3,でんき,,ひらいしん,エレキメイカー,,9,48,101,95,91,85,15
747.0,0872-000,872,0,ユキハミ,,ユキハミ,pm0872_00_00_00.png,いもむしポケモン,3.8,0.3,こおり,むし,りんぷん,こおりのりんぷん,,9,30,25,35,45,30,20
748.0,0873-000,873,0,モスノウ,,モスノウ,pm0873_00_00_00.png,こおりがポケモン,42.0,1.3,こおり,むし,りんぷん,こおりのりんぷん,,9,70,65,60,125,90,65
769.0,0874-000,874,0,イシヘンジン,,イシヘンジン,pm0874_00_00_00.png,きょせきポケモン,520.0,2.5,いわ,,パワースポット,,,9,100,125,135,20,20,70
770.0,0875-000,875,0,コオリッポ,アイスフェイス,コオリッポ(アイス),pm0875_11_00_00.png,ペンギンポケモン,89.0,1.4,こおり,,アイスフェイス,,,9,75,80,110,65,90,50
771.0,0875-001,875,1,コオリッポ,ナイスフェイス,コオリッポ(ナイス),pm0875_12_00_00.png,ペンギンポケモン,89.0,1.4,こおり,,アイスフェイス,,,9,75,80,70,65,50,130
743.0,0876-000,876,0,イエッサン,オスのすがた,イエッサン(オス),pm0876_00_00_00.png,かんじょうポケモン,28.0,0.9,エスパー,ノーマル,せいしんりょく,シンクロ,サイコメイカー,9,60,65,55,105,95,95
744.0,0876-001,876,1,イエッサン,メスのすがた,イエッサン(メス),pm0876_01_00_00.png,かんじょうポケモン,28.0,0.9,エスパー,ノーマル,マイペース,シンクロ,サイコメイカー,9,70,55,65,95,105,85
741.0,0877-000,877,0,モルペコ,まんぷくもよう,モルペコ,pm0877_11_00_00.png,にめんポケモン,3.0,0.3,でんき,あく,はらぺこスイッチ,,,9,58,95,58,70,58,97
728.0,0878-000,878,0,ゾウドウ,,ゾウドウ,pm0878_00_00_00.png,どうぞうポケモン,100.0,1.2,はがね,,ちからずく,ヘヴィメタル,,9,72,80,49,40,49,40
729.0,0879-000,879,0,ダイオウドウ,,ダイオウドウ,pm0879_00_00_00.png,どうぞうポケモン,650.0,3.0,はがね,,ちからずく,ヘヴィメタル,,9,122,130,69,80,69,30
,0879-999,879,999,ダイオウドウ,キョダイマックス,ダイオウドウ(キョダイ),,-,9999.9,23.0,はがね,,ちからずく,ヘヴィメタル,,8,122,130,69,80,69,30
,0880-000,880,0,パッチラゴン,,パッチラゴン,,かせきポケモン,190.0,1.8,でんき,ドラゴン,ちくでん,はりきり,すなかき,8,90,100,90,80,70,75
,0881-000,881,0,パッチルドン,,パッチルドン,,かせきポケモン,150.0,2.3,でんき,こおり,ちくでん,せいでんき,ゆきかき,8,90,100,90,90,80,55
,0882-000,882,0,ウオノラゴン,,ウオノラゴン,,かせきポケモン,215.0,2.3,みず,ドラゴン,ちょすい,がんじょうあご,すなかき,8,90,90,100,70,80,75
,0883-000,883,0,ウオチルドン,,ウオチルドン,,かせきポケモン,175.0,2.0,みず,こおり,ちょすい,アイスボディ,ゆきかき,8,90,90,100,80,90,55
730.0,0884-000,884,0,ジュラルドン,,ジュラルドン,pm0884_00_00_00.png,ごうきんポケモン,40.0,1.8,はがね,ドラゴン,ライトメタル,ヘヴィメタル,すじがねいり,9,70,95,115,120,50,85
,0884-999,884,999,ジュラルドン,キョダイマックス,ジュラルドン(キョダイ),,-,9999.9,43.0,はがね,ドラゴン,ライトメタル,ヘヴィメタル,すじがねいり,8,70,95,115,120,50,85
772.0,0885-000,885,0,ドラメシヤ,,ドラメシヤ,pm0885_00_00_00.png,うらめしポケモン,2.0,0.5,ドラゴン,ゴースト,クリアボディ,すりぬけ,のろわれボディ,9,28,60,30,40,30,82
773.0,0886-000,886,0,ドロンチ,,ドロンチ,pm0886_00_00_00.png,せわやくポケモン,11.0,1.4,ドラゴン,ゴースト,クリアボディ,すりぬけ,のろわれボディ,9,68,80,50,60,50,102
774.0,0887-000,887,0,ドラパルト,,ドラパルト,pm0887_00_00_00.png,ステルスポケモン,50.0,3.0,ドラゴン,ゴースト,クリアボディ,すりぬけ,のろわれボディ,9,88,120,75,100,75,142
736.0,0888-000,888,0,ザシアン,れきせんのゆうしゃ,ザシアン(れきせん),pm0888_11_00_00.png,つわものポケモン,110.0,2.8,フェアリー,,ふとうのけん,,,9,92,120,115,80,115,138
737.0,0888-001,888,1,ザシアン,けんのおう,ザシアン(けんのおう),pm0888_12_00_00.png,つわものポケモン,355.0,2.8,フェアリー,はがね,ふとうのけん,,,9,92,150,115,80,115,148
738.0,0889-000,889,0,ザマゼンタ,れきせんのゆうしゃ,ザマゼンタ(れきせん),pm0889_11_00_00.png,つわものポケモン,210.0,2.9,かくとう,,ふくつのたて,,,9,92,120,115,80,115,138
739.0,0889-001,889,1,ザマゼンタ,たてのおう,ザマゼンタ(たてのおう),pm0889_12_00_00.png,つわものポケモン,785.0,2.9,かくとう,はがね,ふくつのたて,,,9,92,120,140,80,140,128
740.0,0890-000,890,0,ムゲンダイナ,,ムゲンダイナ,pm0890_00_00_00.png,キョダイポケモン,950.0,20.0,どく,ドラゴン,プレッシャー,,,9,140,85,95,145,95,130
775.0,0891-000,891,0,ダクマ,,ダクマ,pm0891_00_00_00.png,けんぽうポケモン,12.0,0.6,かくとう,,せいしんりょく,,,9,60,90,60,53,50,72
776.0,0892-000,892,0,ウーラオス,いちげきのかた,ウーラオス(いちげき),pm0892_11_00_00.png,けんぽうポケモン,105.0,1.9,かくとう,あく,ふかしのこぶし,,,9,100,130,100,63,60,97
776.0,0892-001,892,1,ウーラオス,れんげきのかた,ウーラオス(れんげき),pm0892_11_00_00.png,けんぽうポケモン,105.0,1.9,かくとう,みず,ふかしのこぶし,,,9,100,130,100,63,60,97
,0892-999,892,999,ウーラオス,キョダイマックス,ウーラオス(キョダイ),,-,9999.9,29.0,かくとう,あく,ふかしのこぶし,,,0,0,0,0,0,0,0
783.0,0893-000,893,0,ザルード,,ザルード,pm0893_11_00_00.png,わるざるポケモン,70.0,1.8,あく,くさ,リーフガード,,,9,105,120,105,70,95,105
784.0,0893-000,893,1,ザルード,とうちゃん,ザルード,pm0893_12_00_00.png,わるざるポケモン,70.0,1.8,あく,くさ,リーフガード,,,9,105,120,105,70,95,105
785.0,0894-000,894,0,レジエレキ,,レジエレキ,pm0894_00_00_00.png,エレクトロンポケモン,145.0,1.2,でんき,,トランジスタ,,,9,80,100,50,100,50,200
786.0,0895-000,895,0,レジドラゴ,,レジドラゴ,pm0895_00_00_00.png,りゅうぎょくポケモン,200.0,2.1,ドラゴン,,りゅうのあぎと,,,9,200,100,50,100,50,80
777.0,0896-000,896,0,ブリザポス,,ブリザポス,pm0896_00_00_00.png,あばれうまポケモン,800.0,2.2,こおり,,しろのいななき,,,9,100,145,130,65,110,30
778.0,0897-000,897,0,レイスポス,,レイスポス,pm0897_00_00_00.png,しゅんばポケモン,44.5,2.0,ゴースト,,くろのいななき,,,9,100,65,60,145,80,130
780.0,0898-000,898,0,バドレックス,,バドレックス,pm0898_11_00_00.png,キングポケモン,7.7,1.1,エスパー,くさ,きんちょうかん,,,9,100,80,80,80,80,80
781.0,0898-001,898,1,バドレックス,はくばじょうのすがた,バドレックス(はくば),pm0898_12_00_00.png,エンペラーポケモン,809.1,2.4,エスパー,こおり,じんばいったい,きんちょうかん,,9,100,165,150,85,130,50
782.0,0898-002,898,2,バドレックス,こくばじょうのすがた,バドレックス(こくば),pm0898_13_00_00.png,エンペラーポケモン,53.6,2.4,エスパー,ゴースト,じんばいったい,きんちょうかん,,9,100,85,80,165,100,150
787.0,0899-000,899,0,アヤシシ,,アヤシシ,pm0899_00_00_00.png,おおツノポケモン,95.1,1.8,ノーマル,エスパー,いかく,おみとおし,そうしょく,9,103,105,72,105,75,65
788.0,0900-000,900,0,バサギリ,,バサギリ,pm0900_00_00_00.png,まさかりポケモン,89.0,1.8,むし,いわ,むしのしらせ,ちからずく,きれあじ,9,70,135,95,45,70,85
795.0,0901-000,901,0,ガチグマ,,ガチグマ,pm0901_00_00_00.png,でいたんポケモン,290.0,2.4,じめん,ノーマル,こんじょう,ぼうだん,きんちょうかん,9,130,140,105,45,80,50
797.0,0901-001,901,1,ガチグマ,アカツキ,ガチグマ(アカツキ),pm0901_11_00_00.png,でいたんポケモン,333.0,2.7,じめん,ノーマル,しんがん,きんちょうかん,,9,130,140,105,45,80,50
793.0,0902-000,902,0,イダイトウ,オスのすがた,イダイトウ(オス),pm0902_11_41_00.png,おおうおポケモン,110.0,3.0,みず,ゴースト,すいすい,てきおうりょく,かたやぶり,9,120,112,65,80,75,78
794.0,0902-001,902,1,イダイトウ,メスのすがた,イダイトウ(メス),pm0902_12_41_00.png,おおうおポケモン,110.0,3.0,みず,ゴースト,すいすい,てきおうりょく,かたやぶり,9,120,92,65,100,75,78
789.0,0903-000,903,0,オオニューラ,,オオニューラ,pm0903_00_41_00.png,クライミングポケモン,43.0,1.3,かくとう,どく,プレッシャー,かるわざ,どくしゅ,9,80,130,60,40,80,120
792.0,0904-000,904,0,ハリーマン,,ハリーマン,pm0904_00_41_00.png,けんざんポケモン,60.5,2.5,あく,どく,どくのトゲ,すいすい,いかく,9,85,115,95,65,65,85
790.0,0905-000,905,0,ラブトロス,けしんフォルム,ラブトロス(けしん),pm0905_11_00_00.png,あいぞうポケモン,48.0,1.6,フェアリー,ひこう,メロメロボディ,あまのじゃく,,9,74,115,70,135,80,106
791.0,0905-001,905,1,ラブトロス,れいじゅうフォルム,ラブトロス(れいじゅう),pm0905_12_00_00.png,あいぞうポケモン,48.0,1.6,フェアリー,ひこう,ぼうじん,,,9,74,115,110,135,100,46
798.0,0906-000,906,0,ニャオハ,,ニャオハ,pm0906_00_00_00.png,くさねこポケモン,4.1,0.4,くさ,,しんりょく,へんげんじざい,,9,40,61,54,45,45,65
799.0,0907-000,907,0,ニャローテ,,ニャローテ,pm0907_00_00_00.png,くさねこポケモン,12.2,0.9,くさ,,しんりょく,へんげんじざい,,9,61,80,63,60,63,83
800.0,0908-000,908,0,マスカーニャ,,マスカーニャ,pm0908_00_00_00.png,マジシャンポケモン,31.2,1.5,くさ,あく,しんりょく,へんげんじざい,,9,76,110,70,81,70,123
801.0,0909-000,909,0,ホゲータ,,ホゲータ,pm0909_00_00_00.png,ほのおワニポケモン,9.8,0.4,ほのお,,もうか,てんねん,,9,67,45,59,63,40,36
802.0,0910-000,910,0,アチゲータ,,アチゲータ,pm0910_00_00_00.png,ほのおワニポケモン,30.7,1.0,ほのお,,もうか,てんねん,,9,81,55,78,90,58,49
803.0,0911-000,911,0,ラウドボーン,,ラウドボーン,pm0911_00_00_00.png,シンガーポケモン,326.5,1.6,ほのお,ゴースト,もうか,てんねん,,9,104,75,100,110,75,66
805.0,0912-000,912,0,クワッス,,クワッス,pm0912_00_00_00.png,こがもポケモン,6.1,0.5,みず,,げきりゅう,じしんかじょう,,9,55,65,45,50,45,50
806.0,0913-000,913,0,ウェルカモ,,ウェルカモ,pm0913_00_00_00.png,レッスンポケモン,21.5,1.2,みず,,げきりゅう,じしんかじょう,,9,70,85,65,65,60,65
807.0,0914-000,914,0,ウェーニバル,,ウェーニバル,pm0914_00_00_00.png,ダンサーポケモン,61.9,1.8,みず,かくとう,げきりゅう,じしんかじょう,,9,85,120,80,85,75,85
808.0,0915-000,915,0,グルトン,,グルトン,pm0915_00_00_00.png,ぶたポケモン,10.2,0.5,ノーマル,,アロマベール,くいしんぼう,あついしぼう,9,54,45,40,35,45,35
810.0,0916-000,916,0,パフュートン,オスのすがた,パフュートン(オス),pm0916_00_00_00.png,ぶたポケモン,120.0,1.0,ノーマル,,とれないにおい,くいしんぼう,あついしぼう,9,110,100,75,59,80,65
811.0,0916-001,916,1,パフュートン,メスのすがた,パフュートン(メス),pm0916_01_00_00.png,ぶたポケモン,120.0,1.0,ノーマル,,アロマベール,くいしんぼう,あついしぼう,9,115,90,70,59,90,65
813.0,0917-000,917,0,タマンチュラ,,タマンチュラ,pm0917_00_00_00.png,いとだまポケモン,4.0,0.3,むし,,ふみん,はりこみ,,9,35,41,45,29,40,20
814.0,0918-000,918,0,ワナイダー,,ワナイダー,pm0918_00_00_00.png,トラップポケモン,16.5,1.0,むし,,ふみん,はりこみ,,9,60,79,92,52,86,35
815.0,0919-000,919,0,マメバッタ,,マメバッタ,pm0919_00_00_00.png,バッタポケモン,1.0,0.2,むし,,むしのしらせ,いろめがね,,9,33,46,40,21,25,45
816.0,0920-000,920,0,エクスレッグ,,エクスレッグ,pm0920_00_00_00.png,バッタポケモン,17.5,1.0,むし,あく,むしのしらせ,いろめがね,,9,71,102,78,52,55,92
854.0,0921-000,921,0,パモ,,パモ,pm0921_00_00_00.png,ねずみポケモン,2.5,0.3,でんき,,せいでんき,しぜんかいふく,てつのこぶし,9,45,50,20,40,25,60
855.0,0922-000,922,0,パモット,,パモット,pm0922_00_00_00.png,ねずみポケモン,6.5,0.4,でんき,かくとう,ちくでん,しぜんかいふく,てつのこぶし,9,60,75,40,50,40,85
856.0,0923-000,923,0,パーモット,,パーモット,pm0923_00_00_00.png,てあてポケモン,41.0,0.9,でんき,かくとう,ちくでん,しぜんかいふく,てつのこぶし,9,70,115,70,70,60,105
842.0,0924-000,924,0,ワッカネズミ,,ワッカネズミ,pm0924_00_00_00.png,カップルポケモン,1.8,0.3,ノーマル,,にげあし,ものひろい,マイペース,9,50,50,45,40,45,75
843.0,0925-000,925,0,イッカネズミ,3びきかぞく,イッカネズミ,pm0925_11_00_00.png,ファミリーポケモン,2.3,0.3,ノーマル,,フレンドガード,ほおぶくろ,テクニシャン,9,74,75,70,65,75,111
844.0,0925-000,925,0,イッカネズミ,4ひきかぞく,イッカネズミ,pm0925_12_00_00.png,ファミリーポケモン,2.3,0.3,ノーマル,,フレンドガード,ほおぶくろ,テクニシャン,9,74,75,70,65,75,111
873.0,0926-000,926,0,パピモッチ,,パピモッチ,pm0926_00_00_00.png,こいぬポケモン,10.9,0.3,フェアリー,,マイペース,ぶきよう,,9,37,55,70,30,55,65
874.0,0927-000,927,0,バウッツェル,,バウッツェル,pm0927_00_00_00.png,いぬポケモン,14.9,0.5,フェアリー,,こんがりボディ,アロマベール,,9,57,80,115,50,80,95
832.0,0928-000,928,0,ミニーブ,,ミニーブ,pm0928_00_00_00.png,オリーブポケモン,6.5,0.3,くさ,ノーマル,はやおき,しゅうかく,,9,41,35,45,58,51,30
833.0,0929-000,929,0,オリーニョ,,オリーニョ,pm0929_00_00_00.png,オリーブポケモン,11.9,0.6,くさ,ノーマル,はやおき,しゅうかく,,9,52,53,60,78,78,33
834.0,0930-000,930,0,オリーヴァ,,オリーヴァ,pm0930_00_00_00.png,オリーブポケモン,48.2,1.4,くさ,ノーマル,こぼれダネ,しゅうかく,,9,78,69,90,125,109,39
860.0,0931-000,931,0,イキリンコ,グリーンフェザー,イキリンコ(グリーン),pm0931_11_00_00.png,インコポケモン,2.4,0.6,ノーマル,ひこう,いかく,はりきり,こんじょう,9,82,96,51,45,51,92
861.0,0931-001,931,1,イキリンコ,ブルーフェザー,イキリンコ(ブルー),pm0931_11_00_01.png,インコポケモン,2.4,0.6,ノーマル,ひこう,いかく,はりきり,こんじょう,9,82,96,51,45,51,92
862.0,0931-002,931,2,イキリンコ,イエローフェザー,イキリンコ(イエロー),pm0931_11_00_02.png,インコポケモン,2.4,0.6,ノーマル,ひこう,いかく,はりきり,ちからずく,9,82,96,51,45,51,92
863.0,0931-003,931,3,イキリンコ,ホワイトフェザー,イキリンコ(ホワイト),pm0931_11_00_03.png,インコポケモン,2.4,0.6,ノーマル,ひこう,いかく,はりきり,ちからずく,9,82,96,51,45,51,92
866.0,0932-000,932,0,コジオ,,コジオ,pm0932_00_00_00.png,がんえんポケモン,16.0,0.4,いわ,,きよめのしお,がんじょう,クリアボディ,9,55,55,75,35,35,25
867.0,0933-000,933,0,ジオヅム,,ジオヅム,pm0933_00_00_00.png,がんえんポケモン,105.0,0.6,いわ,,きよめのしお,がんじょう,クリアボディ,9,60,60,100,35,65,35
868.0,0934-000,934,0,キョジオーン,,キョジオーン,pm0934_00_00_00.png,がんえんポケモン,240.0,2.3,いわ,,きよめのしお,がんじょう,クリアボディ,9,100,100,130,45,90,35
912.0,0935-000,935,0,カルボウ,,カルボウ,pm0935_00_00_00.png,ひのこポケモン,10.5,0.6,ほのお,,もらいび,ほのおのからだ,,9,40,50,40,50,40,35
913.0,0936-000,936,0,グレンアルマ,,グレンアルマ,pm0936_00_00_00.png,ひのせんしポケモン,85.0,1.5,ほのお,エスパー,もらいび,くだけるよろい,,9,85,60,100,125,80,75
914.0,0937-000,937,0,ソウブレイズ,,ソウブレイズ,pm0937_00_00_00.png,ひのけんしポケモン,62.0,1.6,ほのお,ゴースト,もらいび,くだけるよろい,,9,75,125,80,60,100,85
837.0,0938-000,938,0,ズピカ,,ズピカ,pm0938_00_00_00.png,でんきおたまポケモン,0.4,0.3,でんき,,マイペース,せいでんき,しめりけ,9,61,31,41,59,35,45
838.0,0939-000,939,0,ハラバリー,,ハラバリー,pm0939_00_00_00.png,でんきがえるポケモン,113.0,1.2,でんき,,でんきにかえる,せいでんき,しめりけ,9,109,64,91,103,83,45
857.0,0940-000,940,0,カイデン,,カイデン,pm0940_00_00_00.png,うみつばめポケモン,3.6,0.4,でんき,ひこう,ふうりょくでんき,ちくでん,かちき,9,40,40,35,55,40,70
858.0,0941-000,941,0,タイカイデン,,タイカイデン,pm0941_00_00_00.png,ぐんかんどりポケモン,38.6,1.4,でんき,ひこう,ふうりょくでんき,ちくでん,かちき,9,70,70,60,105,60,125
875.0,0942-000,942,0,オラチフ,,オラチフ,pm0942_00_00_00.png,わかぞうポケモン,16.0,0.5,あく,,いかく,にげあし,はりこみ,9,60,78,60,40,51,51
876.0,0943-000,943,0,マフィティフ,,マフィティフ,pm0943_00_00_00.png,おやぶんポケモン,61.0,1.1,あく,,いかく,ばんけん,はりこみ,9,80,120,90,60,70,85
871.0,0944-000,944,0,シルシュルー,,シルシュルー,pm0944_00_00_00.png,どくねずみポケモン,0.7,0.2,どく,ノーマル,かるわざ,わるいてぐせ,いたずらごころ,9,40,65,35,40,35,75
872.0,0945-000,945,0,タギングル,,タギングル,pm0945_00_00_00.png,どくざるポケモン,27.2,0.7,どく,ノーマル,かるわざ,どくしゅ,いたずらごころ,9,63,95,65,80,72,110
877.0,0946-000,946,0,アノクサ,,アノクサ,pm0946_00_00_00.png,ころがりぐさポケモン,0.6,0.6,くさ,ゴースト,かぜのり,すりぬけ,,9,40,65,30,45,35,60
878.0,0947-000,947,0,アノホラグサ,,アノホラグサ,pm0947_00_00_00.png,ころがりぐさポケモン,6.0,1.2,くさ,ゴースト,かぜのり,すりぬけ,,9,55,115,70,80,70,90
915.0,0948-000,948,0,ノノクラゲ,,ノノクラゲ,pm0948_00_00_00.png,きくらげポケモン,33.0,0.9,じめん,くさ,きんしのちから,,,9,40,40,35,50,100,70
916.0,0949-000,949,0,リククラゲ,,リククラゲ,pm0949_00_00_00.png,きくらげポケモン,58.0,1.9,じめん,くさ,きんしのちから,,,9,80,70,65,80,120,100
865.0,0950-000,950,0,ガケガニ,,ガケガニ,pm0950_00_00_00.png,まちぶせポケモン,79.0,1.3,いわ,,いかりのこうら,シェルアーマー,さいせいりょく,9,70,100,115,35,55,75
835.0,0951-000,951,0,カプサイジ,,カプサイジ,pm0951_00_00_00.png,ハバネロポケモン,3.0,0.3,くさ,,ようりょくそ,ふみん,ぶきよう,9,50,62,40,62,40,50
836.0,0952-000,952,0,スコヴィラン,,スコヴィラン,pm0952_00_00_00.png,ハバネロポケモン,15.0,0.9,くさ,ほのお,ようりょくそ,ふみん,ムラっけ,9,65,108,65,108,65,75
817.0,0953-000,953,0,シガロコ,,シガロコ,pm0953_00_00_00.png,ころがしポケモン,1.0,0.2,むし,,ふくがん,だっぴ,,9,41,50,60,31,58,30
818.0,0954-000,954,0,ベラカス,,ベラカス,pm0954_00_00_00.png,ころがしポケモン,3.5,0.3,むし,エスパー,シンクロ,テレパシー,,9,75,50,85,115,100,45
821.0,0955-000,955,0,ヒラヒナ,,ヒラヒナ,pm0955_00_00_00.png,フリルポケモン,1.5,0.2,エスパー,,きけんよち,おみとおし,かそく,9,30,35,30,55,30,75
822.0,0956-000,956,0,クエスパトラ,,クエスパトラ,pm0956_00_00_00.png,ダチョウポケモン,90.0,1.9,エスパー,,びんじょう,おみとおし,かそく,9,95,60,60,101,60,105
908.0,0957-000,957,0,カヌチャン,,カヌチャン,pm0957_00_00_00.png,かなうちポケモン,8.9,0.4,フェアリー,はがね,かたやぶり,マイペース,わるいてぐせ,9,50,45,45,35,64,58
910.0,0958-000,958,0,ナカヌチャン,,ナカヌチャン,pm0958_00_00_00.png,ハンマーポケモン,59.1,0.7,フェアリー,はがね,かたやぶり,マイペース,わるいてぐせ,9,65,55,55,45,82,78
911.0,0959-000,959,0,デカヌチャン,,デカヌチャン,pm0959_00_00_00.png,ハンマーポケモン,112.8,0.7,フェアリー,はがね,かたやぶり,マイペース,わるいてぐせ,9,85,75,77,70,105,94
824.0,0960-000,960,0,ウミディグダ,,ウミディグダ,pm0960_00_00_00.png,あなごポケモン,1.8,1.2,みず,,ぬめぬめ,びびり,すながくれ,9,10,55,25,35,25,95
825.0,0961-000,961,0,ウミトリオ,,ウミトリオ,pm0961_00_00_00.png,あなごポケモン,5.4,1.2,みず,,ぬめぬめ,びびり,すながくれ,9,35,100,50,50,70,120
859.0,0962-000,962,0,オトシドリ,,オトシドリ,pm0962_00_00_00.png,おとしものポケモン,42.9,1.5,ひこう,あく,はとむね,するどいめ,いわはこび,9,70,103,85,60,85,82
829.0,0963-000,963,0,ナミイルカ,,ナミイルカ,pm0963_00_00_00.png,イルカポケモン,60.2,1.3,みず,,みずのベール,,,9,70,45,40,45,40,75
830.0,0964-000,964,0,イルカマン,ナイーブフォルム,イルカマン(ナイーブ),pm0964_11_00_00.png,イルカポケモン,60.2,1.3,みず,,マイティチェンジ,,,9,100,70,72,53,62,100
831.0,0964-001,964,1,イルカマン,マイティフォルム,イルカマン(マイティ),pm0964_12_00_00.png,ヒーローポケモン,97.4,1.8,みず,,マイティチェンジ,,,9,100,160,97,106,87,100
839.0,0965-000,965,0,ブロロン,,ブロロン,pm0965_00_00_00.png,たんきとうポケモン,35.0,1.0,はがね,どく,ぼうじん,スロースタート,,9,45,70,63,30,45,47
840.0,0966-000,966,0,ブロロローム,,ブロロローム,pm0966_00_00_00.png,たきとうポケモン,120.0,1.8,はがね,どく,ぼうじん,フィルター,,9,80,119,90,54,67,90
853.0,0967-000,967,0,モトトカゲ,,モトトカゲ,pm0967_00_00_00.png,ライドポケモン,63.0,1.6,ドラゴン,ノーマル,だっぴ,さいせいりょく,,9,70,95,65,85,65,121
841.0,0968-000,968,0,ミミズズ,,ミミズズ,pm0968_00_00_00.png,ミミズポケモン,310.0,2.5,はがね,,どしょく,すながくれ,,9,70,85,145,60,55,65
869.0,0969-000,969,0,キラーメ,,キラーメ,pm0969_00_00_00.png,こうせきポケモン,8.0,0.7,いわ,どく,どくげしょう,ふしょく,,9,48,35,42,105,60,60
870.0,0970-000,970,0,キラフロル,,キラフロル,pm0970_00_00_00.png,こうせきポケモン,45.0,1.5,いわ,どく,どくげしょう,ふしょく,,9,83,55,90,130,81,86
819.0,0971-000,971,0,ボチ,,ボチ,pm0971_00_00_00.png,おばけいぬポケモン,35.0,0.6,ゴースト,,ものひろい,もふもふ,,9,50,61,60,30,55,34
820.0,0972-000,972,0,ハカドッグ,,ハカドッグ,pm0972_00_00_00.png,おばけいぬポケモン,15.0,2.0,ゴースト,,すなかき,もふもふ,,9,72,101,100,50,97,68
864.0,0973-000,973,0,カラミンゴ,,カラミンゴ,pm0973_00_00_00.png,シンクロポケモン,37.0,1.6,ひこう,かくとう,きもったま,ちどりあし,きょうえん,9,82,115,74,75,64,90
845.0,0974-000,974,0,アルクジラ,,アルクジラ,pm0974_00_00_00.png,りくくじらポケモン,45.0,1.2,こおり,,あついしぼう,ゆきがくれ,ちからずく,9,108,68,45,30,40,43
846.0,0975-000,975,0,ハルクジラ,,ハルクジラ,pm0975_00_00_00.png,りくくじらポケモン,700.0,4.5,こおり,,あついしぼう,ゆきかき,ちからずく,9,170,113,65,45,55,73
828.0,0976-000,976,0,ミガルーサ,,ミガルーサ,pm0976_00_00_00.png,きりはなしポケモン,90.0,2.5,みず,エスパー,かたやぶり,きれあじ,,9,90,102,73,78,65,70
827.0,0977-000,977,0,ヘイラッシャ,,ヘイラッシャ,pm0977_00_00_00.png,おおなまずポケモン,220.0,12.0,みず,,てんねん,どんかん,みずのベール,9,150,100,115,65,65,35
850.0,0978-000,978,0,シャリタツ,そったすがた,シャリタツ(そっ),pm0978_11_00_00.png,ぎたいポケモン,8.0,0.3,ドラゴン,みず,しれいとう,よびみず,,9,68,50,60,120,95,82
851.0,0978-001,978,1,シャリタツ,たれたすがた,シャリタツ(たれ),pm0978_12_00_00.png,ぎたいポケモン,8.0,0.3,ドラゴン,みず,しれいとう,よびみず,,9,68,50,60,120,95,82
852.0,0978-002,978,2,シャリタツ,のびたすがた,シャリタツ(のび),pm0978_13_00_00.png,ぎたいポケモン,8.0,0.3,ドラゴン,みず,しれいとう,よびみず,,9,68,50,60,120,95,82
919.0,0979-000,979,0,コノヨザル,,コノヨザル,pm0979_00_00_00.png,ふんどざるポケモン,56.0,1.2,かくとう,ゴースト,やるき,せいしんりょく,まけんき,9,110,115,80,50,90,90
918.0,0980-000,980,0,ドオー,,ドオー,pm0980_00_51_00.png,とげうおポケモン,223.0,1.8,どく,じめん,どくのトゲ,ちょすい,てんねん,9,130,75,60,45,100,20
823.0,0981-000,981,0,リキキリン,,リキキリン,pm0981_00_00_00.png,くびながポケモン,160.0,3.2,ノーマル,エスパー,はんすう,テイルアーマー,そうしょく,9,120,90,70,110,70,60
812.0,0982-000,982,0,ノココッチ,,ノココッチ,pm0982_11_00_00.png,つちへびポケモン,39.2,3.6,ノーマル,,てんのめぐみ,にげあし,びびり,9,125,100,80,85,75,55
917.0,0983-000,983,0,ドドゲザン,,ドドゲザン,pm0983_00_00_00.png,だいとうポケモン,120.0,2.0,あく,はがね,まけんき,そうだいしょう,プレッシャー,9,100,135,120,60,85,50
882.0,0984-000,984,0,イダイナキバ,,イダイナキバ,pm0984_00_00_00.png,パラドックスポケモン,320.0,2.2,じめん,かくとう,こだいかっせい,,,9,115,131,131,53,53,87
887.0,0985-000,985,0,サケブシッポ,,サケブシッポ,pm0985_00_00_00.png,パラドックスポケモン,8.0,1.2,フェアリー,エスパー,こだいかっせい,,,9,115,65,99,65,115,111
883.0,0986-000,986,0,アラブルタケ,,アラブルタケ,pm0986_00_00_00.png,パラドックスポケモン,21.0,1.2,くさ,あく,こだいかっせい,,,9,111,127,99,79,99,55
888.0,0987-000,987,0,ハバタクカミ,,ハバタクカミ,pm0987_00_00_00.png,パラドックスポケモン,4.0,1.4,ゴースト,フェアリー,こだいかっせい,,,9,55,55,55,135,135,135
889.0,0988-000,988,0,チヲハウハネ,,チヲハウハネ,pm0988_00_00_00.png,パラドックスポケモン,92.0,3.2,むし,かくとう,こだいかっせい,,,9,85,135,79,85,105,81
886.0,0989-000,989,0,スナノケガワ,,スナノケガワ,pm0989_00_00_00.png,パラドックスポケモン,60.0,2.3,でんき,じめん,こだいかっせい,,,9,85,81,97,121,85,101
891.0,0990-000,990,0,テツノワダチ,,テツノワダチ,pm0990_00_00_00.png,パラドックスポケモン,240.0,0.9,じめん,はがね,クォークチャージ,,,9,90,112,120,72,70,106
897.0,0991-000,991,0,テツノツツミ,,テツノツツミ,pm0991_00_00_00.png,パラドックスポケモン,11.0,0.6,こおり,みず,クォークチャージ,,,9,56,80,114,124,60,136
894.0,0992-000,992,0,テツノカイナ,,テツノカイナ,pm0992_00_00_00.png,パラドックスポケモン,380.7,1.8,かくとう,でんき,クォークチャージ,,,9,154,140,108,50,68,50
895.0,0993-000,993,0,テツノコウベ,,テツノコウベ,pm0993_00_00_00.png,パラドックスポケモン,111.0,1.3,あく,ひこう,クォークチャージ,,,9,94,80,86,122,80,108
893.0,0994-000,994,0,テツノドクガ,,テツノドクガ,pm0994_00_00_00.png,パラドックスポケモン,36.0,1.2,ほのお,どく,クォークチャージ,,,9,80,70,60,140,110,110
896.0,0995-000,995,0,テツノイバラ,,テツノイバラ,pm0995_00_00_00.png,パラドックスポケモン,303.0,1.6,いわ,でんき,クォークチャージ,,,9,100,134,110,70,84,72
847.0,0996-000,996,0,セビエ,,セビエ,pm0996_00_00_00.png,こおりビレポケモン,17.0,0.5,ドラゴン,こおり,ねつこうかん,アイスボディ,,9,65,75,45,35,45,55
848.0,0997-000,997,0,セゴール,,セゴール,pm0997_00_00_00.png,こおりビレポケモン,30.0,0.8,ドラゴン,こおり,ねつこうかん,アイスボディ,,9,90,95,66,45,65,62
849.0,0998-000,998,0,セグレイブ,,セグレイブ,pm0998_00_00_00.png,ひょうりゅうポケモン,210.0,2.1,ドラゴン,こおり,ねつこうかん,アイスボディ,,9,115,145,92,75,86,87
879.0,0999-000,999,0,コレクレー,はこフォルム,コレクレー(はこ),pm0999_11_00_00.png,たからばこポケモン,5.0,0.3,ゴースト,,びびり,,,9,45,30,70,75,70,10
880.0,0999-001,999,1,コレクレー,とほフォルム,コレクレー(とほ),pm0999_12_00_00.png,たからさがしポケモン,0.1,0.1,ゴースト,,にげあし,,,9,45,30,25,75,45,80
881.0,1000-000,1000,0,サーフゴー,,サーフゴー,pm1000_00_00_00.png,たからものポケモン,30.0,1.2,はがね,ゴースト,おうごんのからだ,,,9,87,60,95,133,91,84
901.0,1001-000,1001,0,チオンジェン,,チオンジェン,pm1001_00_00_00.png,さいやくポケモン,74.2,1.5,あく,くさ,わざわいのおふだ,,,9,85,85,100,95,135,70
900.0,1002-000,1002,0,パオジアン,,パオジアン,pm1002_00_00_00.png,さいやくポケモン,152.2,1.9,あく,こおり,わざわいのつるぎ,,,9,80,120,80,90,65,135
899.0,1003-000,1003,0,ディンルー,,ディンルー,pm1003_00_00_00.png,さいやくポケモン,699.7,2.7,あく,じめん,わざわいのうつわ,,,9,155,110,125,55,80,45
902.0,1004-000,1004,0,イーユイ,,イーユイ,pm1004_00_00_00.png,さいやくポケモン,4.9,0.4,あく,ほのお,わざわいのたま,,,9,55,80,80,135,120,100
890.0,1005-000,1005,0,トドロクツキ,,トドロクツキ,pm1005_00_00_00.png,パラドックスポケモン,380.0,2.0,ドラゴン,あく,こだいかっせい,,,9,105,139,71,55,101,119
898.0,1006-000,1006,0,テツノブジン,,テツノブジン,pm1006_00_00_00.png,パラドックスポケモン,35.0,1.4,フェアリー,かくとう,クォークチャージ,,,9,74,130,90,120,60,116
903.0,1007-000,1007,0,コライドン,,コライドン,pm1007_11_00_00.png,パラドックスポケモン,303.0,2.5,かくとう,ドラゴン,ひひいろのこどう,,,9,100,135,115,85,100,135
905.0,1008-000,1008,0,ミライドン,,ミライドン,pm1008_11_00_00.png,パラドックスポケモン,240.0,3.5,でんき,ドラゴン,ハドロンエンジン,,,9,100,85,100,135,115,135
884.0,1009-000,1009,0,ウネルミナモ,,ウネルミナモ,pm1009_00_00_00.png,パラドックスポケモン,280.0,3.5,みず,ドラゴン,こだいかっせい,,,9,99,83,91,125,83,109
892.0,1010-000,1010,0,テツノイサハ,,テツノイサハ,pm1010_00_00_00.png,パラドックスポケモン,125.0,1.5,くさ,エスパー,クォークチャージ,,,9,90,130,88,70,108,104
924.0,1011-000,1011,0,カミッチュ,,カミッチュ,pm1011_00_00_00.png,りんごあめポケモン,4.4,0.4,くさ,ドラゴン,かんろなミツ,くいしんぼう,ねんちゃく,9,80,80,110,95,80,40
940.0,1012-000,1012,0,チャデス,マガイモノのすがた,チャデス,pm1012_11_00_00.png,まっちゃポケモン,1.1,0.1,くさ,ゴースト,おもてなし,たいねつ,,9,40,45,45,74,54,50
941.0,1013-000,1013,0,ヤバソチャ,ボンサクのすがた,ヤバソチャ,pm1013_11_00_00.png,まっちゃポケモン,2.2,0.2,くさ,ゴースト,おもてなし,たいねつ,,9,71,60,106,121,80,70
926.0,1014-000,1014,0,イイネイヌ,,イイネイヌ,pm1014_00_00_00.png,けらいポケモン,92.2,1.8,どく,かくとう,どくのくさり,ばんけん,,9,88,128,115,58,86,80
928.0,1015-000,1015,0,マシマシラ,,マシマシラ,pm1015_00_00_00.png,けらいポケモン,12.2,1.0,どく,エスパー,どくのくさり,おみとおし,,9,88,75,66,130,90,106
930.0,1016-000,1016,0,キチキギス,,キチキギス,pm1016_00_00_00.png,けらいポケモン,30.1,1.4,どく,フェアリー,どくのくさり,テクニシャン,,9,88,91,82,70,125,99
920.0,1017-000,1017,0,オーガポン,みどりのめん,オーガポン(みどり),pm1017_11_00_00.png,おめんポケモン,39.8,1.2,くさ,,まけんき,,,9,80,120,84,60,96,110
921.0,1017-001,1017,1,オーガポン,いどのめん,オーガポン(いど),pm1017_12_00_01.png,おめんポケモン,39.8,1.2,くさ,みず,ちょすい,,,9,80,120,84,60,96,110
922.0,1017-002,1017,2,オーガポン,かまどのめん,オーガポン(かまど),pm1017_13_00_02.png,おめんポケモン,39.8,1.2,くさ,ほのお,かたやぶり,,,9,80,120,84,60,96,110
923.0,1017-003,1017,3,オーガポン,いしずえのめん,オーガポン(いしずえ),pm1017_14_00_03.png,おめんポケモン,39.8,1.2,くさ,いわ,がんじょう,,,9,80,120,84,60,96,110
939.0,1018-000,1018,0,ブリジュラス,,ブリジュラス,pm1018_00_00_00.png,ごうきんポケモン,60.0,2.0,はがね,ドラゴン,じきゅうりょく,がんじょう,すじがねいり,9,90,105,130,125,65,85
925.0,1019-000,1019,0,カミツオロチ,,カミツオロチ,pm1019_00_00_00.png,りんごオロチポケモン,93.0,1.8,くさ,ドラゴン,かんろなミツ,さいせいりょく,ねんちゃく,9,106,80,110,120,80,44
931.0,1020-000,1020,0,ウガツホムラ,,ウガツホムラ,pm1020_00_00_00.png,パラドックスポケモン,590.0,3.5,ほのお,ドラゴン,こだいかっせい,,,9,105,115,121,65,93,91
932.0,1021-000,1021,0,タケルライコ,,タケルライコ,pm1021_00_00_00.png,パラドックスポケモン,480.0,5.2,でんき,ドラゴン,こだいかっせい,,,9,125,73,91,137,89,75
934.0,1022-000,1022,0,テツノイワオ,,テツノイワオ,pm1022_00_00_00.png,パラドックスポケモン,162.5,1.5,いわ,エスパー,クォークチャージ,,,9,90,120,80,68,108,124
933.0,1023-000,1023,0,テツノカシラ,,テツノカシラ,pm1023_00_00_00.png,パラドックスポケモン,156.0,1.6,はがね,エスパー,クォークチャージ,,,9,90,72,100,122,108,98
935.0,1024-000,1024,0,テラパゴス,ノーマルフォルム,テラパゴス(ノーマル),pm1024_11_00_00.png,テラスタルポケモン,6.5,0.2,ノーマル,,テラスチェンジ,,,9,90,65,85,65,85,60
936.0,1024-001,1024,1,テラパゴス,テラスタルフォルム,テラパゴス(テラスタル),pm1024_12_00_00.png,テラスタルポケモン,16.0,0.3,ノーマル,,テラスシェル,,,9,95,95,110,105,110,85
937.0,1024-002,1024,2,テラパゴス,ステラフォルム,テラパゴス(ステラ),pm1024_13_00_00.png,テラスタルポケモン,77.0,1.7,ノーマル,,ゼロフォーミング,,,9,160,105,110,130,110,85
938.0,1025-000,1025,0,モモワロウ,,モモワロウ,pm1025_00_00_00.png,しはいポケモン,0.3,0.3,どく,ゴースト,どくくぐつ,,,9,88,88,160,88,88,88
